2025-09-12T12:51:05.202438Z  INFO elasticsearch_core_mcp_server: Starting MCP server
2025-09-12T12:51:05.211920Z  INFO rmcp::handler::server: client initialized
2025-09-12T12:51:05.211935Z  INFO serve_inner: rmcp::service: Service initialized as server peer_info=Some(InitializeRequestParam { protocol_version: ProtocolVersion("0.1"), capabilities: ClientCapabilities { experimental: None, roots: None, sampling: None }, client_info: Implementation { name: "es-mcp-client", version: "1.0.0" } })
{"timestamp":"2025-09-12T12:51:05.355Z","level":"info","message":"Using Metabase API Key for authentication."}
INFO: Using Metabase API Key for authentication.
{"timestamp":"2025-09-12T12:51:05.356Z","level":"info","message":"Starting Metabase MCP server..."}
INFO: Starting Metabase MCP server...
{"timestamp":"2025-09-12T12:51:05.357Z","level":"info","message":"Metabase MCP server running on stdio"}
INFO: Metabase MCP server running on stdio
INFO - mcp-atlassian.server.main - Added /healthz endpoint for Kubernetes probes
INFO - mcp-atlassian - Starting server with STDIO transport.
[09/12/25 12:51:06] INFO     Starting MCP server 'Atlassian MCP'   server.py:734
                             with transport 'stdio'                             
INFO - FastMCP.fastmcp.server.server - Starting MCP server 'Atlassian MCP' with transport 'stdio'
INFO - mcp-atlassian.server.main - Main Atlassian MCP server lifespan starting...
INFO - mcp-atlassian.utils.environment - Using Jira Cloud Basic Authentication (API Token)
INFO - mcp-atlassian.utils.environment - Confluence is not configured or required environment variables are missing.
INFO - mcp-atlassian.server.main - Jira configuration loaded and authentication is configured.
INFO - mcp-atlassian.server.main - Read-only mode: DISABLED
INFO - mcp-atlassian.server.main - Enabled tools filter: All tools enabled
INFO:     Will watch for changes in these directories: ['/Users/omkaram/Desktop/zeta_repos/github_repos/zeta-hacks-oms']
INFO:     Uvicorn running on http://0.0.0.0:8000 (Press CTRL+C to quit)
INFO:     Started reloader process [22475] using StatReload
📨 Sent initialized notification
2025-09-12T12:51:09.025383Z  INFO elasticsearch_core_mcp_server: Starting MCP server
2025-09-12T12:51:09.038799Z  INFO rmcp::handler::server: client initialized
2025-09-12T12:51:09.039135Z  INFO serve_inner: rmcp::service: Service initialized as server peer_info=Some(InitializeRequestParam { protocol_version: ProtocolVersion("0.1"), capabilities: ClientCapabilities { experimental: None, roots: None, sampling: None }, client_info: Implementation { name: "es-mcp-client", version: "1.0.0" } })
{"timestamp":"2025-09-12T12:51:09.123Z","level":"info","message":"Using Metabase API Key for authentication."}
INFO: Using Metabase API Key for authentication.
{"timestamp":"2025-09-12T12:51:09.125Z","level":"info","message":"Starting Metabase MCP server..."}
INFO: Starting Metabase MCP server...
{"timestamp":"2025-09-12T12:51:09.127Z","level":"info","message":"Metabase MCP server running on stdio"}
INFO: Metabase MCP server running on stdio
INFO - mcp-atlassian.server.main - Added /healthz endpoint for Kubernetes probes
INFO - mcp-atlassian - Starting server with STDIO transport.
[09/12/25 12:51:10] INFO     Starting MCP server 'Atlassian MCP'   server.py:734
                             with transport 'stdio'                             
INFO - FastMCP.fastmcp.server.server - Starting MCP server 'Atlassian MCP' with transport 'stdio'
INFO - mcp-atlassian.server.main - Main Atlassian MCP server lifespan starting...
INFO - mcp-atlassian.utils.environment - Using Jira Cloud Basic Authentication (API Token)
INFO - mcp-atlassian.utils.environment - Confluence is not configured or required environment variables are missing.
INFO - mcp-atlassian.server.main - Jira configuration loaded and authentication is configured.
INFO - mcp-atlassian.server.main - Read-only mode: DISABLED
INFO - mcp-atlassian.server.main - Enabled tools filter: All tools enabled
INFO:     Started server process [22485]
INFO:     Waiting for application startup.
INFO:     Application startup complete.
📨 Sent initialized notification
INFO:     127.0.0.1:49720 - "POST /invoke HTTP/1.1" 500 Internal Server Error
ERROR:    Exception in ASGI application
Traceback (most recent call last):
  File "/Users/omkaram/Desktop/zeta_repos/github_repos/zeta-hacks-oms/venv/lib/python3.13/site-packages/uvicorn/protocols/http/h11_impl.py", line 403, in run_asgi
    result = await app(  # type: ignore[func-returns-value]
             ^^^^^^^^^^^^^^^^^^^^^^^^^^^^^^^^^^^^^^^^^^^^^^
        self.scope, self.receive, self.send
        ^^^^^^^^^^^^^^^^^^^^^^^^^^^^^^^^^^^
    )
    ^
  File "/Users/omkaram/Desktop/zeta_repos/github_repos/zeta-hacks-oms/venv/lib/python3.13/site-packages/uvicorn/middleware/proxy_headers.py", line 60, in __call__
    return await self.app(scope, receive, send)
           ^^^^^^^^^^^^^^^^^^^^^^^^^^^^^^^^^^^^
  File "/Users/omkaram/Desktop/zeta_repos/github_repos/zeta-hacks-oms/venv/lib/python3.13/site-packages/fastapi/applications.py", line 1054, in __call__
    await super().__call__(scope, receive, send)
  File "/Users/omkaram/Desktop/zeta_repos/github_repos/zeta-hacks-oms/venv/lib/python3.13/site-packages/starlette/applications.py", line 113, in __call__
    await self.middleware_stack(scope, receive, send)
  File "/Users/omkaram/Desktop/zeta_repos/github_repos/zeta-hacks-oms/venv/lib/python3.13/site-packages/starlette/middleware/errors.py", line 186, in __call__
    raise exc
  File "/Users/omkaram/Desktop/zeta_repos/github_repos/zeta-hacks-oms/venv/lib/python3.13/site-packages/starlette/middleware/errors.py", line 164, in __call__
    await self.app(scope, receive, _send)
  File "/Users/omkaram/Desktop/zeta_repos/github_repos/zeta-hacks-oms/venv/lib/python3.13/site-packages/starlette/middleware/exceptions.py", line 63, in __call__
    await wrap_app_handling_exceptions(self.app, conn)(scope, receive, send)
  File "/Users/omkaram/Desktop/zeta_repos/github_repos/zeta-hacks-oms/venv/lib/python3.13/site-packages/starlette/_exception_handler.py", line 53, in wrapped_app
    raise exc
  File "/Users/omkaram/Desktop/zeta_repos/github_repos/zeta-hacks-oms/venv/lib/python3.13/site-packages/starlette/_exception_handler.py", line 42, in wrapped_app
    await app(scope, receive, sender)
  File "/Users/omkaram/Desktop/zeta_repos/github_repos/zeta-hacks-oms/venv/lib/python3.13/site-packages/starlette/routing.py", line 716, in __call__
    await self.middleware_stack(scope, receive, send)
  File "/Users/omkaram/Desktop/zeta_repos/github_repos/zeta-hacks-oms/venv/lib/python3.13/site-packages/starlette/routing.py", line 736, in app
    await route.handle(scope, receive, send)
  File "/Users/omkaram/Desktop/zeta_repos/github_repos/zeta-hacks-oms/venv/lib/python3.13/site-packages/starlette/routing.py", line 290, in handle
    await self.app(scope, receive, send)
  File "/Users/omkaram/Desktop/zeta_repos/github_repos/zeta-hacks-oms/venv/lib/python3.13/site-packages/starlette/routing.py", line 78, in app
    await wrap_app_handling_exceptions(app, request)(scope, receive, send)
  File "/Users/omkaram/Desktop/zeta_repos/github_repos/zeta-hacks-oms/venv/lib/python3.13/site-packages/starlette/_exception_handler.py", line 53, in wrapped_app
    raise exc
  File "/Users/omkaram/Desktop/zeta_repos/github_repos/zeta-hacks-oms/venv/lib/python3.13/site-packages/starlette/_exception_handler.py", line 42, in wrapped_app
    await app(scope, receive, sender)
  File "/Users/omkaram/Desktop/zeta_repos/github_repos/zeta-hacks-oms/venv/lib/python3.13/site-packages/starlette/routing.py", line 75, in app
    response = await f(request)
               ^^^^^^^^^^^^^^^^
  File "/Users/omkaram/Desktop/zeta_repos/github_repos/zeta-hacks-oms/venv/lib/python3.13/site-packages/fastapi/routing.py", line 302, in app
    raw_response = await run_endpoint_function(
                   ^^^^^^^^^^^^^^^^^^^^^^^^^^^^
    ...<3 lines>...
    )
    ^
  File "/Users/omkaram/Desktop/zeta_repos/github_repos/zeta-hacks-oms/venv/lib/python3.13/site-packages/fastapi/routing.py", line 215, in run_endpoint_function
    return await run_in_threadpool(dependant.call, **values)
           ^^^^^^^^^^^^^^^^^^^^^^^^^^^^^^^^^^^^^^^^^^^^^^^^^
  File "/Users/omkaram/Desktop/zeta_repos/github_repos/zeta-hacks-oms/venv/lib/python3.13/site-packages/starlette/concurrency.py", line 38, in run_in_threadpool
    return await anyio.to_thread.run_sync(func)
           ^^^^^^^^^^^^^^^^^^^^^^^^^^^^^^^^^^^^
  File "/Users/omkaram/Desktop/zeta_repos/github_repos/zeta-hacks-oms/venv/lib/python3.13/site-packages/anyio/to_thread.py", line 56, in run_sync
    return await get_async_backend().run_sync_in_worker_thread(
           ^^^^^^^^^^^^^^^^^^^^^^^^^^^^^^^^^^^^^^^^^^^^^^^^^^^^
        func, args, abandon_on_cancel=abandon_on_cancel, limiter=limiter
        ^^^^^^^^^^^^^^^^^^^^^^^^^^^^^^^^^^^^^^^^^^^^^^^^^^^^^^^^^^^^^^^^
    )
    ^
  File "/Users/omkaram/Desktop/zeta_repos/github_repos/zeta-hacks-oms/venv/lib/python3.13/site-packages/anyio/_backends/_asyncio.py", line 2476, in run_sync_in_worker_thread
    return await future
           ^^^^^^^^^^^^
  File "/Users/omkaram/Desktop/zeta_repos/github_repos/zeta-hacks-oms/venv/lib/python3.13/site-packages/anyio/_backends/_asyncio.py", line 967, in run
    result = context.run(func, *args)
  File "/Users/omkaram/Desktop/zeta_repos/github_repos/zeta-hacks-oms/server/app.py", line 39, in orchestrate
    process(prompt_version, issue_key, seed)
    ~~~~~~~^^^^^^^^^^^^^^^^^^^^^^^^^^^^^^^^^
  File "/Users/omkaram/Desktop/zeta_repos/github_repos/zeta-hacks-oms/converse_style_orchestrator.py", line 157, in process
    store.save(execution=execution)
    ~~~~~~~~~~^^^^^^^^^^^^^^^^^^^^^
  File "/Users/omkaram/Desktop/zeta_repos/github_repos/zeta-hacks-oms/db/mongo_execution_store.py", line 47, in save
    self._col.insert_one(execution.to_dict())
    ~~~~~~~~~~~~~~~~~~~~^^^^^^^^^^^^^^^^^^^^^
  File "/Users/omkaram/Desktop/zeta_repos/github_repos/zeta-hacks-oms/venv/lib/python3.13/site-packages/pymongo/synchronous/collection.py", line 891, in insert_one
    self._insert_one(
    ~~~~~~~~~~~~~~~~^
        document,
        ^^^^^^^^^
    ...<5 lines>...
        comment=comment,
        ^^^^^^^^^^^^^^^^
    ),
    ^
  File "/Users/omkaram/Desktop/zeta_repos/github_repos/zeta-hacks-oms/venv/lib/python3.13/site-packages/pymongo/synchronous/collection.py", line 831, in _insert_one
    self._database.client._retryable_write(
    ~~~~~~~~~~~~~~~~~~~~~~~~~~~~~~~~~~~~~~^
        acknowledged, _insert_command, session, operation=_Op.INSERT
        ^^^^^^^^^^^^^^^^^^^^^^^^^^^^^^^^^^^^^^^^^^^^^^^^^^^^^^^^^^^^
    )
    ^
  File "/Users/omkaram/Desktop/zeta_repos/github_repos/zeta-hacks-oms/venv/lib/python3.13/site-packages/pymongo/synchronous/mongo_client.py", line 2076, in _retryable_write
    return self._retry_with_session(retryable, func, s, bulk, operation, operation_id)
           ~~~~~~~~~~~~~~~~~~~~~~~~^^^^^^^^^^^^^^^^^^^^^^^^^^^^^^^^^^^^^^^^^^^^^^^^^^^
  File "/Users/omkaram/Desktop/zeta_repos/github_repos/zeta-hacks-oms/venv/lib/python3.13/site-packages/pymongo/synchronous/mongo_client.py", line 1962, in _retry_with_session
    return self._retry_internal(
           ~~~~~~~~~~~~~~~~~~~~^
        func=func,
        ^^^^^^^^^^
    ...<4 lines>...
        operation_id=operation_id,
        ^^^^^^^^^^^^^^^^^^^^^^^^^^
    )
    ^
  File "/Users/omkaram/Desktop/zeta_repos/github_repos/zeta-hacks-oms/venv/lib/python3.13/site-packages/pymongo/_csot.py", line 125, in csot_wrapper
    return func(self, *args, **kwargs)
  File "/Users/omkaram/Desktop/zeta_repos/github_repos/zeta-hacks-oms/venv/lib/python3.13/site-packages/pymongo/synchronous/mongo_client.py", line 2008, in _retry_internal
    ).run()
      ~~~^^
  File "/Users/omkaram/Desktop/zeta_repos/github_repos/zeta-hacks-oms/venv/lib/python3.13/site-packages/pymongo/synchronous/mongo_client.py", line 2745, in run
    return self._read() if self._is_read else self._write()
                                              ~~~~~~~~~~~^^
  File "/Users/omkaram/Desktop/zeta_repos/github_repos/zeta-hacks-oms/venv/lib/python3.13/site-packages/pymongo/synchronous/mongo_client.py", line 2877, in _write
    return self._func(self._session, conn, self._retryable)  # type: ignore
           ~~~~~~~~~~^^^^^^^^^^^^^^^^^^^^^^^^^^^^^^^^^^^^^^
  File "/Users/omkaram/Desktop/zeta_repos/github_repos/zeta-hacks-oms/venv/lib/python3.13/site-packages/pymongo/synchronous/collection.py", line 819, in _insert_command
    result = conn.command(
        self._database.name,
    ...<5 lines>...
        retryable_write=retryable_write,
    )
  File "/Users/omkaram/Desktop/zeta_repos/github_repos/zeta-hacks-oms/venv/lib/python3.13/site-packages/pymongo/synchronous/helpers.py", line 47, in inner
    return func(*args, **kwargs)
  File "/Users/omkaram/Desktop/zeta_repos/github_repos/zeta-hacks-oms/venv/lib/python3.13/site-packages/pymongo/synchronous/pool.py", line 441, in command
    self._raise_connection_failure(error)
    ~~~~~~~~~~~~~~~~~~~~~~~~~~~~~~^^^^^^^
  File "/Users/omkaram/Desktop/zeta_repos/github_repos/zeta-hacks-oms/venv/lib/python3.13/site-packages/pymongo/synchronous/pool.py", line 413, in command
    return command(
        self,
    ...<20 lines>...
        write_concern=write_concern,
    )
  File "/Users/omkaram/Desktop/zeta_repos/github_repos/zeta-hacks-oms/venv/lib/python3.13/site-packages/pymongo/synchronous/network.py", line 148, in command
    request_id, msg, size, max_doc_size = message._op_msg(
                                          ~~~~~~~~~~~~~~~^
        flags, spec, dbname, read_preference, codec_options, ctx=compression_ctx
        ^^^^^^^^^^^^^^^^^^^^^^^^^^^^^^^^^^^^^^^^^^^^^^^^^^^^^^^^^^^^^^^^^^^^^^^^
    )
    ^
  File "/Users/omkaram/Desktop/zeta_repos/github_repos/zeta-hacks-oms/venv/lib/python3.13/site-packages/pymongo/message.py", line 419, in _op_msg
    return _op_msg_uncompressed(flags, command, identifier, docs, opts)
bson.errors.InvalidDocument: Invalid document {'model_id': <bound method NovaPremier.get_model_id of <models.nova_premier.NovaPremier object at 0x107694ad0>>, 'prompt_version': 'v2', 'messages': [], 'input_token': [], 'output_tokens': [], 'model_latencies': [], 'mcp_calls': [], 'model_calls': 1, 'timeline': [[1757681496.238486, 1757681496.2595541]], 'issue_key': 'TRC-28931', 'start_time': 1757681496.238486, 'end_time': 1757681496.2595541, 'error': {'type': 'ParamValidationError', 'message': "Parameter validation failed:\nInvalid type for parameter modelId, value: <bound method NovaPremier.get_model_id of <models.nova_premier.NovaPremier object at 0x107694ad0>>, type: <class 'method'>, valid types: <class 'str'>", 'traceback': 'Traceback (most recent call last):\n  File "/Users/omkaram/Desktop/zeta_repos/github_repos/zeta-hacks-oms/converse_style_orchestrator.py", line 129, in process\n    api_response = bedrock_client.call_converse_api(execution.model_id,\n                                                    get_system_prompt(execution=execution),\n                                                    tools,\n                                                    execution.messages)\n  File "/Users/omkaram/Desktop/zeta_repos/github_repos/zeta-hacks-oms/bedrock.py", line 18, in call_converse_api\n    response = self.bedrockRuntime.converse(\n        modelId=model_id,\n    ...<6 lines>...\n        toolConfig=tools,\n    )\n  File "/Users/omkaram/Desktop/zeta_repos/github_repos/zeta-hacks-oms/venv/lib/python3.13/site-packages/botocore/client.py", line 602, in _api_call\n    return self._make_api_call(operation_name, kwargs)\n           ~~~~~~~~~~~~~~~~~~~^^^^^^^^^^^^^^^^^^^^^^^^\n  File "/Users/omkaram/Desktop/zeta_repos/github_repos/zeta-hacks-oms/venv/lib/python3.13/site-packages/botocore/context.py", line 123, in wrapper\n    return func(*args, **kwargs)\n  File "/Users/omkaram/Desktop/zeta_repos/github_repos/zeta-hacks-oms/venv/lib/python3.13/site-packages/botocore/client.py", line 1035, in _make_api_call\n    request_dict = self._convert_to_request_dict(\n        api_params=api_params,\n    ...<3 lines>...\n        headers=additional_headers,\n    )\n  File "/Users/omkaram/Desktop/zeta_repos/github_repos/zeta-hacks-oms/venv/lib/python3.13/site-packages/botocore/client.py", line 1102, in _convert_to_request_dict\n    request_dict = self._serializer.serialize_to_request(\n        api_params, operation_model\n    )\n  File "/Users/omkaram/Desktop/zeta_repos/github_repos/zeta-hacks-oms/venv/lib/python3.13/site-packages/botocore/validate.py", line 381, in serialize_to_request\n    raise ParamValidationError(report=report.generate_report())\nbotocore.exceptions.ParamValidationError: Parameter validation failed:\nInvalid type for parameter modelId, value: <bound method NovaPremier.get_model_id of <models.nova_premier.NovaPremier object at 0x107694ad0>>, type: <class \'method\'>, valid types: <class \'str\'>\n'}, '_id': ObjectId('68c417580c27222fcc75aa4a')} | cannot encode object: <bound method NovaPremier.get_model_id of <models.nova_premier.NovaPremier object at 0x107694ad0>>, of type: <class 'method'>
WARNING:  StatReload detected changes in 'converse_style_orchestrator.py'. Reloading...
INFO:     Shutting down
INFO:     Waiting for application shutdown.
INFO:     Application shutdown complete.
INFO:     Finished server process [22485]
2025-09-12T12:52:28.238695Z  INFO rmcp::service: input stream terminated
2025-09-12T12:52:28.238933Z  INFO rmcp::service: serve finished quit_reason=Closed
INFO - mcp-atlassian.server.main - Main Atlassian MCP server lifespan shutting down...
INFO - mcp-atlassian.server.main - Main Atlassian MCP server lifespan shutdown complete.
INFO - mcp-atlassian.utils.lifecycle - Server stopped, flushing output streams...
2025-09-12T12:52:29.065650Z  INFO elasticsearch_core_mcp_server: Starting MCP server
2025-09-12T12:52:29.091776Z  INFO rmcp::handler::server: client initialized
2025-09-12T12:52:29.091804Z  INFO serve_inner: rmcp::service: Service initialized as server peer_info=Some(InitializeRequestParam { protocol_version: ProtocolVersion("0.1"), capabilities: ClientCapabilities { experimental: None, roots: None, sampling: None }, client_info: Implementation { name: "es-mcp-client", version: "1.0.0" } })
{"timestamp":"2025-09-12T12:52:29.177Z","level":"info","message":"Using Metabase API Key for authentication."}
INFO: Using Metabase API Key for authentication.
{"timestamp":"2025-09-12T12:52:29.178Z","level":"info","message":"Starting Metabase MCP server..."}
INFO: Starting Metabase MCP server...
{"timestamp":"2025-09-12T12:52:29.179Z","level":"info","message":"Metabase MCP server running on stdio"}
INFO: Metabase MCP server running on stdio
INFO - mcp-atlassian.server.main - Added /healthz endpoint for Kubernetes probes
INFO - mcp-atlassian - Starting server with STDIO transport.
[09/12/25 12:52:30] INFO     Starting MCP server 'Atlassian MCP'   server.py:734
                             with transport 'stdio'                             
INFO - FastMCP.fastmcp.server.server - Starting MCP server 'Atlassian MCP' with transport 'stdio'
INFO - mcp-atlassian.server.main - Main Atlassian MCP server lifespan starting...
INFO - mcp-atlassian.utils.environment - Using Jira Cloud Basic Authentication (API Token)
INFO - mcp-atlassian.utils.environment - Confluence is not configured or required environment variables are missing.
INFO - mcp-atlassian.server.main - Jira configuration loaded and authentication is configured.
INFO - mcp-atlassian.server.main - Read-only mode: DISABLED
INFO - mcp-atlassian.server.main - Enabled tools filter: All tools enabled
INFO:     Started server process [23597]
INFO:     Waiting for application startup.
INFO:     Application startup complete.
📨 Sent initialized notification
INFO:     127.0.0.1:49794 - "POST /invoke HTTP/1.1" 500 Internal Server Error
ERROR:    Exception in ASGI application
Traceback (most recent call last):
  File "/Users/omkaram/Desktop/zeta_repos/github_repos/zeta-hacks-oms/venv/lib/python3.13/site-packages/uvicorn/protocols/http/h11_impl.py", line 403, in run_asgi
    result = await app(  # type: ignore[func-returns-value]
             ^^^^^^^^^^^^^^^^^^^^^^^^^^^^^^^^^^^^^^^^^^^^^^
        self.scope, self.receive, self.send
        ^^^^^^^^^^^^^^^^^^^^^^^^^^^^^^^^^^^
    )
    ^
  File "/Users/omkaram/Desktop/zeta_repos/github_repos/zeta-hacks-oms/venv/lib/python3.13/site-packages/uvicorn/middleware/proxy_headers.py", line 60, in __call__
    return await self.app(scope, receive, send)
           ^^^^^^^^^^^^^^^^^^^^^^^^^^^^^^^^^^^^
  File "/Users/omkaram/Desktop/zeta_repos/github_repos/zeta-hacks-oms/venv/lib/python3.13/site-packages/fastapi/applications.py", line 1054, in __call__
    await super().__call__(scope, receive, send)
  File "/Users/omkaram/Desktop/zeta_repos/github_repos/zeta-hacks-oms/venv/lib/python3.13/site-packages/starlette/applications.py", line 113, in __call__
    await self.middleware_stack(scope, receive, send)
  File "/Users/omkaram/Desktop/zeta_repos/github_repos/zeta-hacks-oms/venv/lib/python3.13/site-packages/starlette/middleware/errors.py", line 186, in __call__
    raise exc
  File "/Users/omkaram/Desktop/zeta_repos/github_repos/zeta-hacks-oms/venv/lib/python3.13/site-packages/starlette/middleware/errors.py", line 164, in __call__
    await self.app(scope, receive, _send)
  File "/Users/omkaram/Desktop/zeta_repos/github_repos/zeta-hacks-oms/venv/lib/python3.13/site-packages/starlette/middleware/exceptions.py", line 63, in __call__
    await wrap_app_handling_exceptions(self.app, conn)(scope, receive, send)
  File "/Users/omkaram/Desktop/zeta_repos/github_repos/zeta-hacks-oms/venv/lib/python3.13/site-packages/starlette/_exception_handler.py", line 53, in wrapped_app
    raise exc
  File "/Users/omkaram/Desktop/zeta_repos/github_repos/zeta-hacks-oms/venv/lib/python3.13/site-packages/starlette/_exception_handler.py", line 42, in wrapped_app
    await app(scope, receive, sender)
  File "/Users/omkaram/Desktop/zeta_repos/github_repos/zeta-hacks-oms/venv/lib/python3.13/site-packages/starlette/routing.py", line 716, in __call__
    await self.middleware_stack(scope, receive, send)
  File "/Users/omkaram/Desktop/zeta_repos/github_repos/zeta-hacks-oms/venv/lib/python3.13/site-packages/starlette/routing.py", line 736, in app
    await route.handle(scope, receive, send)
  File "/Users/omkaram/Desktop/zeta_repos/github_repos/zeta-hacks-oms/venv/lib/python3.13/site-packages/starlette/routing.py", line 290, in handle
    await self.app(scope, receive, send)
  File "/Users/omkaram/Desktop/zeta_repos/github_repos/zeta-hacks-oms/venv/lib/python3.13/site-packages/starlette/routing.py", line 78, in app
    await wrap_app_handling_exceptions(app, request)(scope, receive, send)
  File "/Users/omkaram/Desktop/zeta_repos/github_repos/zeta-hacks-oms/venv/lib/python3.13/site-packages/starlette/_exception_handler.py", line 53, in wrapped_app
    raise exc
  File "/Users/omkaram/Desktop/zeta_repos/github_repos/zeta-hacks-oms/venv/lib/python3.13/site-packages/starlette/_exception_handler.py", line 42, in wrapped_app
    await app(scope, receive, sender)
  File "/Users/omkaram/Desktop/zeta_repos/github_repos/zeta-hacks-oms/venv/lib/python3.13/site-packages/starlette/routing.py", line 75, in app
    response = await f(request)
               ^^^^^^^^^^^^^^^^
  File "/Users/omkaram/Desktop/zeta_repos/github_repos/zeta-hacks-oms/venv/lib/python3.13/site-packages/fastapi/routing.py", line 302, in app
    raw_response = await run_endpoint_function(
                   ^^^^^^^^^^^^^^^^^^^^^^^^^^^^
    ...<3 lines>...
    )
    ^
  File "/Users/omkaram/Desktop/zeta_repos/github_repos/zeta-hacks-oms/venv/lib/python3.13/site-packages/fastapi/routing.py", line 215, in run_endpoint_function
    return await run_in_threadpool(dependant.call, **values)
           ^^^^^^^^^^^^^^^^^^^^^^^^^^^^^^^^^^^^^^^^^^^^^^^^^
  File "/Users/omkaram/Desktop/zeta_repos/github_repos/zeta-hacks-oms/venv/lib/python3.13/site-packages/starlette/concurrency.py", line 38, in run_in_threadpool
    return await anyio.to_thread.run_sync(func)
           ^^^^^^^^^^^^^^^^^^^^^^^^^^^^^^^^^^^^
  File "/Users/omkaram/Desktop/zeta_repos/github_repos/zeta-hacks-oms/venv/lib/python3.13/site-packages/anyio/to_thread.py", line 56, in run_sync
    return await get_async_backend().run_sync_in_worker_thread(
           ^^^^^^^^^^^^^^^^^^^^^^^^^^^^^^^^^^^^^^^^^^^^^^^^^^^^
        func, args, abandon_on_cancel=abandon_on_cancel, limiter=limiter
        ^^^^^^^^^^^^^^^^^^^^^^^^^^^^^^^^^^^^^^^^^^^^^^^^^^^^^^^^^^^^^^^^
    )
    ^
  File "/Users/omkaram/Desktop/zeta_repos/github_repos/zeta-hacks-oms/venv/lib/python3.13/site-packages/anyio/_backends/_asyncio.py", line 2476, in run_sync_in_worker_thread
    return await future
           ^^^^^^^^^^^^
  File "/Users/omkaram/Desktop/zeta_repos/github_repos/zeta-hacks-oms/venv/lib/python3.13/site-packages/anyio/_backends/_asyncio.py", line 967, in run
    result = context.run(func, *args)
  File "/Users/omkaram/Desktop/zeta_repos/github_repos/zeta-hacks-oms/server/app.py", line 39, in orchestrate
    process(prompt_version, issue_key, seed)
    ~~~~~~~^^^^^^^^^^^^^^^^^^^^^^^^^^^^^^^^^
  File "/Users/omkaram/Desktop/zeta_repos/github_repos/zeta-hacks-oms/converse_style_orchestrator.py", line 129, in process
    api_response = bedrock_client.call_converse_api(execution.model_id,
                                                    get_system_prompt(execution=execution),
                                                    tools,
                                                    execution.messages)
  File "/Users/omkaram/Desktop/zeta_repos/github_repos/zeta-hacks-oms/bedrock.py", line 18, in call_converse_api
    response = self.bedrockRuntime.converse(
        modelId=model_id,
    ...<6 lines>...
        toolConfig=tools,
    )
  File "/Users/omkaram/Desktop/zeta_repos/github_repos/zeta-hacks-oms/venv/lib/python3.13/site-packages/botocore/client.py", line 602, in _api_call
    return self._make_api_call(operation_name, kwargs)
           ~~~~~~~~~~~~~~~~~~~^^^^^^^^^^^^^^^^^^^^^^^^
  File "/Users/omkaram/Desktop/zeta_repos/github_repos/zeta-hacks-oms/venv/lib/python3.13/site-packages/botocore/context.py", line 123, in wrapper
    return func(*args, **kwargs)
  File "/Users/omkaram/Desktop/zeta_repos/github_repos/zeta-hacks-oms/venv/lib/python3.13/site-packages/botocore/client.py", line 1078, in _make_api_call
    raise error_class(parsed_response, operation_name)
botocore.errorfactory.ValidationException: An error occurred (ValidationException) when calling the Converse operation: A conversation must start with a user message. Try again with a conversation that starts with a user message.
WARNING:  StatReload detected changes in 'converse_style_orchestrator.py'. Reloading...
INFO:     Shutting down
INFO:     Waiting for application shutdown.
INFO:     Application shutdown complete.
INFO:     Finished server process [23597]
2025-09-12T12:53:30.920567Z  INFO rmcp::service: input stream terminated
2025-09-12T12:53:30.920578Z  INFO rmcp::service: serve finished quit_reason=Closed
INFO - mcp-atlassian.server.main - Main Atlassian MCP server lifespan shutting down...
INFO - mcp-atlassian.server.main - Main Atlassian MCP server lifespan shutdown complete.
INFO - mcp-atlassian.utils.lifecycle - Server stopped, flushing output streams...
2025-09-12T12:53:33.113497Z  INFO elasticsearch_core_mcp_server: Starting MCP server
2025-09-12T12:53:33.123932Z  INFO rmcp::handler::server: client initialized
2025-09-12T12:53:33.123949Z  INFO serve_inner: rmcp::service: Service initialized as server peer_info=Some(InitializeRequestParam { protocol_version: ProtocolVersion("0.1"), capabilities: ClientCapabilities { experimental: None, roots: None, sampling: None }, client_info: Implementation { name: "es-mcp-client", version: "1.0.0" } })
{"timestamp":"2025-09-12T12:53:33.262Z","level":"info","message":"Using Metabase API Key for authentication."}
INFO: Using Metabase API Key for authentication.
{"timestamp":"2025-09-12T12:53:33.262Z","level":"info","message":"Starting Metabase MCP server..."}
INFO: Starting Metabase MCP server...
{"timestamp":"2025-09-12T12:53:33.263Z","level":"info","message":"Metabase MCP server running on stdio"}
INFO: Metabase MCP server running on stdio
INFO - mcp-atlassian.server.main - Added /healthz endpoint for Kubernetes probes
INFO - mcp-atlassian - Starting server with STDIO transport.
[09/12/25 12:53:34] INFO     Starting MCP server 'Atlassian MCP'   server.py:734
                             with transport 'stdio'                             
INFO - FastMCP.fastmcp.server.server - Starting MCP server 'Atlassian MCP' with transport 'stdio'
INFO - mcp-atlassian.server.main - Main Atlassian MCP server lifespan starting...
INFO - mcp-atlassian.utils.environment - Using Jira Cloud Basic Authentication (API Token)
INFO - mcp-atlassian.utils.environment - Confluence is not configured or required environment variables are missing.
INFO - mcp-atlassian.server.main - Jira configuration loaded and authentication is configured.
INFO - mcp-atlassian.server.main - Read-only mode: DISABLED
INFO - mcp-atlassian.server.main - Enabled tools filter: All tools enabled
INFO:     Started server process [24675]
INFO:     Waiting for application startup.
INFO:     Application startup complete.
WARNING:  StatReload detected changes in 'converse_style_orchestrator.py'. Reloading...
INFO:     Shutting down
INFO:     Waiting for application shutdown.
INFO:     Application shutdown complete.
INFO:     Finished server process [24675]
2025-09-12T12:53:41.506329Z  INFO rmcp::service: input stream terminated
2025-09-12T12:53:41.506360Z  INFO rmcp::service: serve finished quit_reason=Closed
INFO - mcp-atlassian.server.main - Main Atlassian MCP server lifespan shutting down...
INFO - mcp-atlassian.server.main - Main Atlassian MCP server lifespan shutdown complete.
INFO - mcp-atlassian.utils.lifecycle - Server stopped, flushing output streams...
2025-09-12T12:53:42.283493Z  INFO elasticsearch_core_mcp_server: Starting MCP server
2025-09-12T12:53:42.293874Z  INFO rmcp::handler::server: client initialized
2025-09-12T12:53:42.293886Z  INFO serve_inner: rmcp::service: Service initialized as server peer_info=Some(InitializeRequestParam { protocol_version: ProtocolVersion("0.1"), capabilities: ClientCapabilities { experimental: None, roots: None, sampling: None }, client_info: Implementation { name: "es-mcp-client", version: "1.0.0" } })
{"timestamp":"2025-09-12T12:53:42.394Z","level":"info","message":"Using Metabase API Key for authentication."}
INFO: Using Metabase API Key for authentication.
{"timestamp":"2025-09-12T12:53:42.395Z","level":"info","message":"Starting Metabase MCP server..."}
INFO: Starting Metabase MCP server...
{"timestamp":"2025-09-12T12:53:42.395Z","level":"info","message":"Metabase MCP server running on stdio"}
INFO: Metabase MCP server running on stdio
INFO - mcp-atlassian.server.main - Added /healthz endpoint for Kubernetes probes
INFO - mcp-atlassian - Starting server with STDIO transport.
[09/12/25 12:53:43] INFO     Starting MCP server 'Atlassian MCP'   server.py:734
                             with transport 'stdio'                             
INFO - FastMCP.fastmcp.server.server - Starting MCP server 'Atlassian MCP' with transport 'stdio'
INFO - mcp-atlassian.server.main - Main Atlassian MCP server lifespan starting...
INFO - mcp-atlassian.utils.environment - Using Jira Cloud Basic Authentication (API Token)
INFO - mcp-atlassian.utils.environment - Confluence is not configured or required environment variables are missing.
INFO - mcp-atlassian.server.main - Jira configuration loaded and authentication is configured.
INFO - mcp-atlassian.server.main - Read-only mode: DISABLED
INFO - mcp-atlassian.server.main - Enabled tools filter: All tools enabled
INFO:     Started server process [24910]
INFO:     Waiting for application startup.
INFO:     Application startup complete.
WARNING:  StatReload detected changes in 'converse_style_orchestrator.py'. Reloading...
INFO:     Shutting down
INFO:     Waiting for application shutdown.
INFO:     Application shutdown complete.
INFO:     Finished server process [24910]
INFO - mcp-atlassian.server.main - Main Atlassian MCP server lifespan shutting down...
2025-09-12T12:55:14.646807Z  INFO rmcp::service: input stream terminated
2025-09-12T12:55:14.646891Z  INFO rmcp::service: serve finished quit_reason=Closed
INFO - mcp-atlassian.server.main - Main Atlassian MCP server lifespan shutdown complete.
INFO - mcp-atlassian.utils.lifecycle - Server stopped, flushing output streams...
2025-09-12T12:55:15.468219Z  INFO elasticsearch_core_mcp_server: Starting MCP server
2025-09-12T12:55:15.479157Z  INFO rmcp::handler::server: client initialized
2025-09-12T12:55:15.479174Z  INFO serve_inner: rmcp::service: Service initialized as server peer_info=Some(InitializeRequestParam { protocol_version: ProtocolVersion("0.1"), capabilities: ClientCapabilities { experimental: None, roots: None, sampling: None }, client_info: Implementation { name: "es-mcp-client", version: "1.0.0" } })
{"timestamp":"2025-09-12T12:55:15.502Z","level":"info","message":"Using Metabase API Key for authentication."}
INFO: Using Metabase API Key for authentication.
{"timestamp":"2025-09-12T12:55:15.503Z","level":"info","message":"Starting Metabase MCP server..."}
INFO: Starting Metabase MCP server...
{"timestamp":"2025-09-12T12:55:15.504Z","level":"info","message":"Metabase MCP server running on stdio"}
INFO: Metabase MCP server running on stdio
WARNING:  StatReload detected changes in 'converse_style_orchestrator.py'. Reloading...
2025-09-12T12:55:15.544385Z  INFO rmcp::service: input stream terminated
2025-09-12T12:55:15.544396Z  INFO rmcp::service: serve finished quit_reason=Closed
2025-09-12T12:55:16.256970Z  INFO elasticsearch_core_mcp_server: Starting MCP server
2025-09-12T12:55:16.279640Z  INFO rmcp::handler::server: client initialized
2025-09-12T12:55:16.279666Z  INFO serve_inner: rmcp::service: Service initialized as server peer_info=Some(InitializeRequestParam { protocol_version: ProtocolVersion("0.1"), capabilities: ClientCapabilities { experimental: None, roots: None, sampling: None }, client_info: Implementation { name: "es-mcp-client", version: "1.0.0" } })
{"timestamp":"2025-09-12T12:55:16.359Z","level":"info","message":"Using Metabase API Key for authentication."}
INFO: Using Metabase API Key for authentication.
{"timestamp":"2025-09-12T12:55:16.361Z","level":"info","message":"Starting Metabase MCP server..."}
INFO: Starting Metabase MCP server...
{"timestamp":"2025-09-12T12:55:16.361Z","level":"info","message":"Metabase MCP server running on stdio"}
INFO: Metabase MCP server running on stdio
WARNING:  StatReload detected changes in 'converse_style_orchestrator.py'. Reloading...
2025-09-12T12:55:16.417450Z  INFO rmcp::service: input stream terminated
2025-09-12T12:55:16.417460Z  INFO rmcp::service: serve finished quit_reason=Closed
2025-09-12T12:55:17.106937Z  INFO elasticsearch_core_mcp_server: Starting MCP server
2025-09-12T12:55:17.129780Z  INFO rmcp::handler::server: client initialized
2025-09-12T12:55:17.129872Z  INFO serve_inner: rmcp::service: Service initialized as server peer_info=Some(InitializeRequestParam { protocol_version: ProtocolVersion("0.1"), capabilities: ClientCapabilities { experimental: None, roots: None, sampling: None }, client_info: Implementation { name: "es-mcp-client", version: "1.0.0" } })
WARNING:  StatReload detected changes in 'converse_style_orchestrator.py'. Reloading...
2025-09-12T12:55:17.278285Z  INFO rmcp::service: input stream terminated
2025-09-12T12:55:17.278433Z  INFO rmcp::service: serve finished quit_reason=Closed
{"timestamp":"2025-09-12T12:55:17.364Z","level":"info","message":"Using Metabase API Key for authentication."}
INFO: Using Metabase API Key for authentication.
{"timestamp":"2025-09-12T12:55:17.366Z","level":"info","message":"Starting Metabase MCP server..."}
INFO: Starting Metabase MCP server...
{"timestamp":"2025-09-12T12:55:17.367Z","level":"info","message":"Metabase MCP server running on stdio"}
INFO: Metabase MCP server running on stdio
INFO - mcp-atlassian.server.main - Added /healthz endpoint for Kubernetes probes
INFO - mcp-atlassian - Starting server with STDIO transport.
2025-09-12T12:55:17.901387Z  INFO elasticsearch_core_mcp_server: Starting MCP server
[09/12/25 12:55:17] INFO     Starting MCP server 'Atlassian MCP'   server.py:734
                             with transport 'stdio'                             
INFO - FastMCP.fastmcp.server.server - Starting MCP server 'Atlassian MCP' with transport 'stdio'
INFO - mcp-atlassian.server.main - Main Atlassian MCP server lifespan starting...
INFO - mcp-atlassian.utils.environment - Using Jira Cloud Basic Authentication (API Token)
INFO - mcp-atlassian.utils.environment - Confluence is not configured or required environment variables are missing.
INFO - mcp-atlassian.server.main - Jira configuration loaded and authentication is configured.
INFO - mcp-atlassian.server.main - Read-only mode: DISABLED
INFO - mcp-atlassian.server.main - Enabled tools filter: All tools enabled
INFO - mcp-atlassian.server.main - Main Atlassian MCP server lifespan shutting down...
INFO - mcp-atlassian.server.main - Main Atlassian MCP server lifespan shutdown complete.
INFO - mcp-atlassian.utils.lifecycle - Server stopped, flushing output streams...
2025-09-12T12:55:17.953645Z  INFO rmcp::handler::server: client initialized
2025-09-12T12:55:17.953757Z  INFO serve_inner: rmcp::service: Service initialized as server peer_info=Some(InitializeRequestParam { protocol_version: ProtocolVersion("0.1"), capabilities: ClientCapabilities { experimental: None, roots: None, sampling: None }, client_info: Implementation { name: "es-mcp-client", version: "1.0.0" } })
{"timestamp":"2025-09-12T12:55:18.288Z","level":"info","message":"Using Metabase API Key for authentication."}
INFO: Using Metabase API Key for authentication.
{"timestamp":"2025-09-12T12:55:18.289Z","level":"info","message":"Starting Metabase MCP server..."}
INFO: Starting Metabase MCP server...
{"timestamp":"2025-09-12T12:55:18.289Z","level":"info","message":"Metabase MCP server running on stdio"}
INFO: Metabase MCP server running on stdio
INFO - mcp-atlassian.server.main - Added /healthz endpoint for Kubernetes probes
INFO - mcp-atlassian - Starting server with STDIO transport.
[09/12/25 12:55:19] INFO     Starting MCP server 'Atlassian MCP'   server.py:734
                             with transport 'stdio'                             
INFO - FastMCP.fastmcp.server.server - Starting MCP server 'Atlassian MCP' with transport 'stdio'
INFO - mcp-atlassian.server.main - Main Atlassian MCP server lifespan starting...
INFO - mcp-atlassian.utils.environment - Using Jira Cloud Basic Authentication (API Token)
INFO - mcp-atlassian.utils.environment - Confluence is not configured or required environment variables are missing.
INFO - mcp-atlassian.server.main - Jira configuration loaded and authentication is configured.
INFO - mcp-atlassian.server.main - Read-only mode: DISABLED
INFO - mcp-atlassian.server.main - Enabled tools filter: All tools enabled
INFO - mcp-atlassian.server.main - Main Atlassian MCP server lifespan shutting down...
INFO - mcp-atlassian.server.main - Main Atlassian MCP server lifespan shutdown complete.
INFO - mcp-atlassian.utils.lifecycle - Server stopped, flushing output streams...
INFO - mcp-atlassian.server.main - Added /healthz endpoint for Kubernetes probes
INFO - mcp-atlassian - Starting server with STDIO transport.
[09/12/25 12:55:19] INFO     Starting MCP server 'Atlassian MCP'   server.py:734
                             with transport 'stdio'                             
INFO - FastMCP.fastmcp.server.server - Starting MCP server 'Atlassian MCP' with transport 'stdio'
INFO - mcp-atlassian.server.main - Main Atlassian MCP server lifespan starting...
INFO - mcp-atlassian.utils.environment - Using Jira Cloud Basic Authentication (API Token)
INFO - mcp-atlassian.utils.environment - Confluence is not configured or required environment variables are missing.
INFO - mcp-atlassian.server.main - Jira configuration loaded and authentication is configured.
INFO - mcp-atlassian.server.main - Read-only mode: DISABLED
INFO - mcp-atlassian.server.main - Enabled tools filter: All tools enabled
INFO - mcp-atlassian.server.main - Main Atlassian MCP server lifespan shutting down...
INFO - mcp-atlassian.server.main - Main Atlassian MCP server lifespan shutdown complete.
INFO - mcp-atlassian.utils.lifecycle - Server stopped, flushing output streams...
INFO - mcp-atlassian.server.main - Added /healthz endpoint for Kubernetes probes
INFO - mcp-atlassian - Starting server with STDIO transport.
[09/12/25 12:55:20] INFO     Starting MCP server 'Atlassian MCP'   server.py:734
                             with transport 'stdio'                             
INFO - FastMCP.fastmcp.server.server - Starting MCP server 'Atlassian MCP' with transport 'stdio'
INFO - mcp-atlassian.server.main - Main Atlassian MCP server lifespan starting...
INFO - mcp-atlassian.utils.environment - Using Jira Cloud Basic Authentication (API Token)
INFO - mcp-atlassian.utils.environment - Confluence is not configured or required environment variables are missing.
INFO - mcp-atlassian.server.main - Jira configuration loaded and authentication is configured.
INFO - mcp-atlassian.server.main - Read-only mode: DISABLED
INFO - mcp-atlassian.server.main - Enabled tools filter: All tools enabled
INFO:     Started server process [25401]
INFO:     Waiting for application startup.
INFO:     Application startup complete.
📨 Sent initialized notification
INFO:     127.0.0.1:50112 - "POST /invoke HTTP/1.1" 500 Internal Server Error
ERROR:    Exception in ASGI application
Traceback (most recent call last):
  File "/Users/omkaram/Desktop/zeta_repos/github_repos/zeta-hacks-oms/venv/lib/python3.13/site-packages/uvicorn/protocols/http/h11_impl.py", line 403, in run_asgi
    result = await app(  # type: ignore[func-returns-value]
             ^^^^^^^^^^^^^^^^^^^^^^^^^^^^^^^^^^^^^^^^^^^^^^
        self.scope, self.receive, self.send
        ^^^^^^^^^^^^^^^^^^^^^^^^^^^^^^^^^^^
    )
    ^
  File "/Users/omkaram/Desktop/zeta_repos/github_repos/zeta-hacks-oms/venv/lib/python3.13/site-packages/uvicorn/middleware/proxy_headers.py", line 60, in __call__
    return await self.app(scope, receive, send)
           ^^^^^^^^^^^^^^^^^^^^^^^^^^^^^^^^^^^^
  File "/Users/omkaram/Desktop/zeta_repos/github_repos/zeta-hacks-oms/venv/lib/python3.13/site-packages/fastapi/applications.py", line 1054, in __call__
    await super().__call__(scope, receive, send)
  File "/Users/omkaram/Desktop/zeta_repos/github_repos/zeta-hacks-oms/venv/lib/python3.13/site-packages/starlette/applications.py", line 113, in __call__
    await self.middleware_stack(scope, receive, send)
  File "/Users/omkaram/Desktop/zeta_repos/github_repos/zeta-hacks-oms/venv/lib/python3.13/site-packages/starlette/middleware/errors.py", line 186, in __call__
    raise exc
  File "/Users/omkaram/Desktop/zeta_repos/github_repos/zeta-hacks-oms/venv/lib/python3.13/site-packages/starlette/middleware/errors.py", line 164, in __call__
    await self.app(scope, receive, _send)
  File "/Users/omkaram/Desktop/zeta_repos/github_repos/zeta-hacks-oms/venv/lib/python3.13/site-packages/starlette/middleware/exceptions.py", line 63, in __call__
    await wrap_app_handling_exceptions(self.app, conn)(scope, receive, send)
  File "/Users/omkaram/Desktop/zeta_repos/github_repos/zeta-hacks-oms/venv/lib/python3.13/site-packages/starlette/_exception_handler.py", line 53, in wrapped_app
    raise exc
  File "/Users/omkaram/Desktop/zeta_repos/github_repos/zeta-hacks-oms/venv/lib/python3.13/site-packages/starlette/_exception_handler.py", line 42, in wrapped_app
    await app(scope, receive, sender)
  File "/Users/omkaram/Desktop/zeta_repos/github_repos/zeta-hacks-oms/venv/lib/python3.13/site-packages/starlette/routing.py", line 716, in __call__
    await self.middleware_stack(scope, receive, send)
  File "/Users/omkaram/Desktop/zeta_repos/github_repos/zeta-hacks-oms/venv/lib/python3.13/site-packages/starlette/routing.py", line 736, in app
    await route.handle(scope, receive, send)
  File "/Users/omkaram/Desktop/zeta_repos/github_repos/zeta-hacks-oms/venv/lib/python3.13/site-packages/starlette/routing.py", line 290, in handle
    await self.app(scope, receive, send)
  File "/Users/omkaram/Desktop/zeta_repos/github_repos/zeta-hacks-oms/venv/lib/python3.13/site-packages/starlette/routing.py", line 78, in app
    await wrap_app_handling_exceptions(app, request)(scope, receive, send)
  File "/Users/omkaram/Desktop/zeta_repos/github_repos/zeta-hacks-oms/venv/lib/python3.13/site-packages/starlette/_exception_handler.py", line 53, in wrapped_app
    raise exc
  File "/Users/omkaram/Desktop/zeta_repos/github_repos/zeta-hacks-oms/venv/lib/python3.13/site-packages/starlette/_exception_handler.py", line 42, in wrapped_app
    await app(scope, receive, sender)
  File "/Users/omkaram/Desktop/zeta_repos/github_repos/zeta-hacks-oms/venv/lib/python3.13/site-packages/starlette/routing.py", line 75, in app
    response = await f(request)
               ^^^^^^^^^^^^^^^^
  File "/Users/omkaram/Desktop/zeta_repos/github_repos/zeta-hacks-oms/venv/lib/python3.13/site-packages/fastapi/routing.py", line 302, in app
    raw_response = await run_endpoint_function(
                   ^^^^^^^^^^^^^^^^^^^^^^^^^^^^
    ...<3 lines>...
    )
    ^
  File "/Users/omkaram/Desktop/zeta_repos/github_repos/zeta-hacks-oms/venv/lib/python3.13/site-packages/fastapi/routing.py", line 215, in run_endpoint_function
    return await run_in_threadpool(dependant.call, **values)
           ^^^^^^^^^^^^^^^^^^^^^^^^^^^^^^^^^^^^^^^^^^^^^^^^^
  File "/Users/omkaram/Desktop/zeta_repos/github_repos/zeta-hacks-oms/venv/lib/python3.13/site-packages/starlette/concurrency.py", line 38, in run_in_threadpool
    return await anyio.to_thread.run_sync(func)
           ^^^^^^^^^^^^^^^^^^^^^^^^^^^^^^^^^^^^
  File "/Users/omkaram/Desktop/zeta_repos/github_repos/zeta-hacks-oms/venv/lib/python3.13/site-packages/anyio/to_thread.py", line 56, in run_sync
    return await get_async_backend().run_sync_in_worker_thread(
           ^^^^^^^^^^^^^^^^^^^^^^^^^^^^^^^^^^^^^^^^^^^^^^^^^^^^
        func, args, abandon_on_cancel=abandon_on_cancel, limiter=limiter
        ^^^^^^^^^^^^^^^^^^^^^^^^^^^^^^^^^^^^^^^^^^^^^^^^^^^^^^^^^^^^^^^^
    )
    ^
  File "/Users/omkaram/Desktop/zeta_repos/github_repos/zeta-hacks-oms/venv/lib/python3.13/site-packages/anyio/_backends/_asyncio.py", line 2476, in run_sync_in_worker_thread
    return await future
           ^^^^^^^^^^^^
  File "/Users/omkaram/Desktop/zeta_repos/github_repos/zeta-hacks-oms/venv/lib/python3.13/site-packages/anyio/_backends/_asyncio.py", line 967, in run
    result = context.run(func, *args)
  File "/Users/omkaram/Desktop/zeta_repos/github_repos/zeta-hacks-oms/server/app.py", line 39, in orchestrate
    process(prompt_version, issue_key, seed)
    ~~~~~~~^^^^^^^^^^^^^^^^^^^^^^^^^^^^^^^^^
  File "/Users/omkaram/Desktop/zeta_repos/github_repos/zeta-hacks-oms/converse_style_orchestrator.py", line 138, in process
    api_response = bedrock_client.call_converse_api(execution.model_id,
                                                    get_system_prompt(execution=execution),
                                                    tools,
                                                    execution.messages)
  File "/Users/omkaram/Desktop/zeta_repos/github_repos/zeta-hacks-oms/bedrock.py", line 18, in call_converse_api
    response = self.bedrockRuntime.converse(
        modelId=model_id,
    ...<6 lines>...
        toolConfig=tools,
    )
  File "/Users/omkaram/Desktop/zeta_repos/github_repos/zeta-hacks-oms/venv/lib/python3.13/site-packages/botocore/client.py", line 602, in _api_call
    return self._make_api_call(operation_name, kwargs)
           ~~~~~~~~~~~~~~~~~~~^^^^^^^^^^^^^^^^^^^^^^^^
  File "/Users/omkaram/Desktop/zeta_repos/github_repos/zeta-hacks-oms/venv/lib/python3.13/site-packages/botocore/context.py", line 123, in wrapper
    return func(*args, **kwargs)
  File "/Users/omkaram/Desktop/zeta_repos/github_repos/zeta-hacks-oms/venv/lib/python3.13/site-packages/botocore/client.py", line 1078, in _make_api_call
    raise error_class(parsed_response, operation_name)
botocore.errorfactory.ValidationException: An error occurred (ValidationException) when calling the Converse operation: A conversation must start with a user message. Try again with a conversation that starts with a user message.
INFO - mcp.server.lowlevel.server - Processing request of type CallToolRequest
{"timestamp":"2025-09-12T12:57:08.530Z","level":"info","message":"Calling tool...","data":{"tool":"execute_query"}}
INFO: Calling tool...
{"timestamp":"2025-09-12T12:57:21.956Z","level":"info","message":"Calling tool...","data":{"tool":"execute_query"}}
INFO: Calling tool...
{"timestamp":"2025-09-12T12:57:34.258Z","level":"info","message":"Calling tool...","data":{"tool":"execute_query"}}
INFO: Calling tool...
INFO - mcp.server.lowlevel.server - Processing request of type CallToolRequest
INFO - mcp.server.lowlevel.server - Processing request of type CallToolRequest
INFO - mcp.server.lowlevel.server - Processing request of type CallToolRequest
INFO - mcp-jira - Looking for transition with ID: '11'
INFO - mcp-jira - Using direct transition ID 11
INFO - mcp-jira - Performing transition with ID 11
INFO:     127.0.0.1:50251 - "POST /invoke HTTP/1.1" 200 OK
WARNING:  StatReload detected changes in 'converse_style_orchestrator.py'. Reloading...
INFO:     Shutting down
INFO:     Waiting for application shutdown.
INFO:     Application shutdown complete.
INFO:     Finished server process [25401]
2025-09-12T13:04:53.183612Z  INFO rmcp::service: input stream terminated
2025-09-12T13:04:53.183920Z  INFO rmcp::service: serve finished quit_reason=Closed
INFO - mcp-atlassian.server.main - Main Atlassian MCP server lifespan shutting down...
INFO - mcp-atlassian.server.main - Main Atlassian MCP server lifespan shutdown complete.
INFO - mcp-atlassian.utils.lifecycle - Server stopped, flushing output streams...
2025-09-12T13:04:54.045294Z  INFO elasticsearch_core_mcp_server: Starting MCP server
2025-09-12T13:04:54.057954Z  INFO rmcp::handler::server: client initialized
2025-09-12T13:04:54.057987Z  INFO serve_inner: rmcp::service: Service initialized as server peer_info=Some(InitializeRequestParam { protocol_version: ProtocolVersion("0.1"), capabilities: ClientCapabilities { experimental: None, roots: None, sampling: None }, client_info: Implementation { name: "es-mcp-client", version: "1.0.0" } })
WARNING:  StatReload detected changes in 'converse_style_orchestrator.py'. Reloading...
2025-09-12T13:04:54.101002Z  INFO rmcp::service: input stream terminated
2025-09-12T13:04:54.101013Z  INFO rmcp::service: serve finished quit_reason=Closed
{"timestamp":"2025-09-12T13:04:54.133Z","level":"info","message":"Using Metabase API Key for authentication."}
INFO: Using Metabase API Key for authentication.
{"timestamp":"2025-09-12T13:04:54.134Z","level":"info","message":"Starting Metabase MCP server..."}
INFO: Starting Metabase MCP server...
{"timestamp":"2025-09-12T13:04:54.134Z","level":"info","message":"Metabase MCP server running on stdio"}
INFO: Metabase MCP server running on stdio
2025-09-12T13:04:54.844131Z  INFO elasticsearch_core_mcp_server: Starting MCP server
2025-09-12T13:04:54.856065Z  INFO rmcp::handler::server: client initialized
2025-09-12T13:04:54.856152Z  INFO serve_inner: rmcp::service: Service initialized as server peer_info=Some(InitializeRequestParam { protocol_version: ProtocolVersion("0.1"), capabilities: ClientCapabilities { experimental: None, roots: None, sampling: None }, client_info: Implementation { name: "es-mcp-client", version: "1.0.0" } })
{"timestamp":"2025-09-12T13:04:54.956Z","level":"info","message":"Using Metabase API Key for authentication."}
INFO: Using Metabase API Key for authentication.
{"timestamp":"2025-09-12T13:04:54.956Z","level":"info","message":"Starting Metabase MCP server..."}
INFO: Starting Metabase MCP server...
{"timestamp":"2025-09-12T13:04:54.957Z","level":"info","message":"Metabase MCP server running on stdio"}
INFO: Metabase MCP server running on stdio
INFO - mcp-atlassian.server.main - Added /healthz endpoint for Kubernetes probes
INFO - mcp-atlassian - Starting server with STDIO transport.
[09/12/25 13:04:56] INFO     Starting MCP server 'Atlassian MCP'   server.py:734
                             with transport 'stdio'                             
INFO - FastMCP.fastmcp.server.server - Starting MCP server 'Atlassian MCP' with transport 'stdio'
INFO - mcp-atlassian.server.main - Main Atlassian MCP server lifespan starting...
INFO - mcp-atlassian.utils.environment - Using Jira Cloud Basic Authentication (API Token)
INFO - mcp-atlassian.utils.environment - Confluence is not configured or required environment variables are missing.
INFO - mcp-atlassian.server.main - Jira configuration loaded and authentication is configured.
INFO - mcp-atlassian.server.main - Read-only mode: DISABLED
INFO - mcp-atlassian.server.main - Enabled tools filter: All tools enabled
INFO - mcp-atlassian.server.main - Main Atlassian MCP server lifespan shutting down...
INFO - mcp-atlassian.server.main - Main Atlassian MCP server lifespan shutdown complete.
INFO - mcp-atlassian.utils.lifecycle - Server stopped, flushing output streams...
INFO - mcp-atlassian.server.main - Added /healthz endpoint for Kubernetes probes
INFO - mcp-atlassian - Starting server with STDIO transport.
[09/12/25 13:04:56] INFO     Starting MCP server 'Atlassian MCP'   server.py:734
                             with transport 'stdio'                             
INFO - FastMCP.fastmcp.server.server - Starting MCP server 'Atlassian MCP' with transport 'stdio'
INFO - mcp-atlassian.server.main - Main Atlassian MCP server lifespan starting...
INFO - mcp-atlassian.utils.environment - Using Jira Cloud Basic Authentication (API Token)
INFO - mcp-atlassian.utils.environment - Confluence is not configured or required environment variables are missing.
INFO - mcp-atlassian.server.main - Jira configuration loaded and authentication is configured.
INFO - mcp-atlassian.server.main - Read-only mode: DISABLED
INFO - mcp-atlassian.server.main - Enabled tools filter: All tools enabled
INFO:     Started server process [25757]
INFO:     Waiting for application startup.
INFO:     Application startup complete.
WARNING:  StatReload detected changes in 'converse_style_orchestrator.py'. Reloading...
INFO:     Shutting down
INFO:     Waiting for application shutdown.
INFO:     Application shutdown complete.
INFO:     Finished server process [25757]
2025-09-12T13:05:08.698123Z  INFO rmcp::service: input stream terminated
2025-09-12T13:05:08.698266Z  INFO rmcp::service: serve finished quit_reason=Closed
INFO - mcp-atlassian.server.main - Main Atlassian MCP server lifespan shutting down...
INFO - mcp-atlassian.server.main - Main Atlassian MCP server lifespan shutdown complete.
INFO - mcp-atlassian.utils.lifecycle - Server stopped, flushing output streams...
2025-09-12T13:05:09.533317Z  INFO elasticsearch_core_mcp_server: Starting MCP server
2025-09-12T13:05:09.545181Z  INFO rmcp::handler::server: client initialized
2025-09-12T13:05:09.545192Z  INFO serve_inner: rmcp::service: Service initialized as server peer_info=Some(InitializeRequestParam { protocol_version: ProtocolVersion("0.1"), capabilities: ClientCapabilities { experimental: None, roots: None, sampling: None }, client_info: Implementation { name: "es-mcp-client", version: "1.0.0" } })
{"timestamp":"2025-09-12T13:05:09.590Z","level":"info","message":"Using Metabase API Key for authentication."}
INFO: Using Metabase API Key for authentication.
{"timestamp":"2025-09-12T13:05:09.590Z","level":"info","message":"Starting Metabase MCP server..."}
INFO: Starting Metabase MCP server...
{"timestamp":"2025-09-12T13:05:09.591Z","level":"info","message":"Metabase MCP server running on stdio"}
INFO: Metabase MCP server running on stdio
INFO - mcp-atlassian.server.main - Added /healthz endpoint for Kubernetes probes
INFO - mcp-atlassian - Starting server with STDIO transport.
[09/12/25 13:05:11] INFO     Starting MCP server 'Atlassian MCP'   server.py:734
                             with transport 'stdio'                             
INFO - FastMCP.fastmcp.server.server - Starting MCP server 'Atlassian MCP' with transport 'stdio'
INFO - mcp-atlassian.server.main - Main Atlassian MCP server lifespan starting...
INFO - mcp-atlassian.utils.environment - Using Jira Cloud Basic Authentication (API Token)
INFO - mcp-atlassian.utils.environment - Confluence is not configured or required environment variables are missing.
INFO - mcp-atlassian.server.main - Jira configuration loaded and authentication is configured.
INFO - mcp-atlassian.server.main - Read-only mode: DISABLED
INFO - mcp-atlassian.server.main - Enabled tools filter: All tools enabled
INFO:     Started server process [25783]
INFO:     Waiting for application startup.
INFO:     Application startup complete.
INFO - mcp.server.lowlevel.server - Processing request of type CallToolRequest
{"timestamp":"2025-09-12T13:06:57.497Z","level":"info","message":"Calling tool...","data":{"tool":"execute_query"}}
INFO: Calling tool...
{"timestamp":"2025-09-12T13:07:09.845Z","level":"info","message":"Calling tool...","data":{"tool":"execute_query"}}
INFO: Calling tool...
{"timestamp":"2025-09-12T13:07:22.036Z","level":"info","message":"Calling tool...","data":{"tool":"execute_query"}}
INFO: Calling tool...
{"timestamp":"2025-09-12T13:07:53.198Z","level":"info","message":"Calling tool...","data":{"tool":"execute_query"}}
INFO: Calling tool...
INFO - mcp.server.lowlevel.server - Processing request of type CallToolRequest
INFO - mcp.server.lowlevel.server - Processing request of type CallToolRequest
ERROR - mcp-jira - Error updating issue TRC-28931: 'dict' object has no attribute 'startswith'
ERROR - mcp_atlassian.servers.jira - Error updating issue TRC-28931: Failed to update issue TRC-28931: 'dict' object has no attribute 'startswith'
Traceback (most recent call last):
  File "/app/.venv/lib/python3.10/site-packages/mcp_atlassian/jira/issues.py", line 1043, in update_issue
    account_id = self._get_account_id(value)
  File "/app/.venv/lib/python3.10/site-packages/mcp_atlassian/jira/users.py", line 105, in _get_account_id
    if assignee.startswith("5") and len(assignee) >= 10:
AttributeError: 'dict' object has no attribute 'startswith'

The above exception was the direct cause of the following exception:

Traceback (most recent call last):
  File "/app/.venv/lib/python3.10/site-packages/mcp_atlassian/servers/jira.py", line 940, in update_issue
    issue = jira.update_issue(issue_key=issue_key, **all_updates)
  File "/app/.venv/lib/python3.10/site-packages/mcp_atlassian/jira/issues.py", line 1094, in update_issue
    raise ValueError(f"Failed to update issue {issue_key}: {error_msg}") from e
ValueError: Failed to update issue TRC-28931: 'dict' object has no attribute 'startswith'
[09/12/25 13:08:14] ERROR    Error calling tool              tool_manager.py:129
                             'update_issue': Failed to                          
                             update issue TRC-28931: Failed                     
                             to update issue TRC-28931:                         
                             'dict' object has no attribute                     
                             'startswith'                                       
                             ╭─ Traceback (most recent cal─╮                    
                             │ /app/.venv/lib/python3.10/s │                    
                             │ ite-packages/mcp_atlassian/ │                    
                             │ jira/issues.py:1043 in      │                    
                             │ update_issue                │                    
                             │                             │                    
                             │   1040 │   │   │   │   │    │                    
                             │   1041 │   │   │   │   │    │                    
                             │   1042 │   │   │   │   │    │                    
                             │ ❱ 1043 │   │   │   │   │    │                    
                             │   1044 │   │   │   │   │    │                    
                             │   1045 │   │   │   │   │    │                    
                             │   1046 │   │   │   │   │    │                    
                             │                             │                    
                             │ /app/.venv/lib/python3.10/s │                    
                             │ ite-packages/mcp_atlassian/ │                    
                             │ jira/users.py:105 in        │                    
                             │ _get_account_id             │                    
                             │                             │                    
                             │   102 │   │   │   ValueErro │                    
                             │   103 │   │   """           │                    
                             │   104 │   │   # If it looks │                    
                             │ ❱ 105 │   │   if assignee.s │                    
                             │   106 │   │   │   return as │                    
                             │   107 │   │                 │                    
                             │   108 │   │   account_id =  │                    
                             ╰─────────────────────────────╯                    
                             AttributeError: 'dict' object                      
                             has no attribute 'startswith'                      
                                                                                
                             The above exception was the                        
                             direct cause of the following                      
                             exception:                                         
                                                                                
                             ╭─ Traceback (most recent cal─╮                    
                             │ /app/.venv/lib/python3.10/s │                    
                             │ ite-packages/mcp_atlassian/ │                    
                             │ servers/jira.py:940 in      │                    
                             │ update_issue                │                    
                             │                             │                    
                             │    937 │   │   all_updates[ │                    
                             │    938 │                    │                    
                             │    939 │   try:             │                    
                             │ ❱  940 │   │   issue = jira │                    
                             │    941 │   │   result = iss │                    
                             │    942 │   │   if (         │                    
                             │    943 │   │   │   hasattr( │                    
                             │                             │                    
                             │ /app/.venv/lib/python3.10/s │                    
                             │ ite-packages/mcp_atlassian/ │                    
                             │ jira/issues.py:1094 in      │                    
                             │ update_issue                │                    
                             │                             │                    
                             │   1091 │   │   except Excep │                    
                             │   1092 │   │   │   error_ms │                    
                             │   1093 │   │   │   logger.e │                    
                             │ ❱ 1094 │   │   │   raise Va │                    
                             │   1095 │                    │                    
                             │   1096 │   def _update_issu │                    
                             │   1097 │   │   self, issue_ │                    
                             ╰─────────────────────────────╯                    
                             ValueError: Failed to update                       
                             issue TRC-28931: 'dict' object                     
                             has no attribute 'startswith'                      
                                                                                
                             During handling of the above                       
                             exception, another exception                       
                             occurred:                                          
                                                                                
                             ╭─ Traceback (most recent cal─╮                    
                             │ /app/.venv/lib/python3.10/s │                    
                             │ ite-packages/fastmcp/tools/ │                    
                             │ tool_manager.py:120 in      │                    
                             │ call_tool                   │                    
                             │                             │                    
                             │   117 │   │   │   raise Not │                    
                             │   118 │   │                 │                    
                             │   119 │   │   try:          │                    
                             │ ❱ 120 │   │   │   return aw │                    
                             │   121 │   │                 │                    
                             │   122 │   │   # raise ToolE │                    
                             │   123 │   │   except ToolEr │                    
                             │                             │                    
                             │ /app/.venv/lib/python3.10/s │                    
                             │ ite-packages/fastmcp/tools/ │                    
                             │ tool.py:144 in run          │                    
                             │                             │                    
                             │   141 │   │   type_adapter  │                    
                             │   142 │   │   result = type │                    
                             │   143 │   │   if inspect.is │                    
                             │ ❱ 144 │   │   │   result =  │                    
                             │   145 │   │                 │                    
                             │   146 │   │   return _conve │                    
                             │   147                       │                    
                             │                             │                    
                             │ /app/.venv/lib/python3.10/s │                    
                             │ ite-packages/mcp_atlassian/ │                    
                             │ utils/decorators.py:42 in   │                    
                             │ wrapper                     │                    
                             │                             │                    
                             │    39 │   │   │   logger.wa │                    
                             │    40 │   │   │   raise Val │                    
                             │    41 │   │                 │                    
                             │ ❱  42 │   │   return await  │                    
                             │    43 │                     │                    
                             │    44 │   return wrapper  # │                    
                             │    45                       │                    
                             │                             │                    
                             │ /app/.venv/lib/python3.10/s │                    
                             │ ite-packages/mcp_atlassian/ │                    
                             │ servers/jira.py:954 in      │                    
                             │ update_issue                │                    
                             │                             │                    
                             │    951 │   │   )            │                    
                             │    952 │   except Exception │                    
                             │    953 │   │   logger.error │                    
                             │ ❱  954 │   │   raise ValueE │                    
                             │    955                      │                    
                             │    956                      │                    
                             │    957 @jira_mcp.tool(tags= │                    
                             ╰─────────────────────────────╯                    
                             ValueError: Failed to update                       
                             issue TRC-28931: Failed to                         
                             update issue TRC-28931: 'dict'                     
                             object has no attribute                            
                             'startswith'                                       
ERROR - FastMCP.fastmcp.tools.tool_manager - Error calling tool 'update_issue': Failed to update issue TRC-28931: Failed to update issue TRC-28931: 'dict' object has no attribute 'startswith'
Traceback (most recent call last):
  File "/app/.venv/lib/python3.10/site-packages/mcp_atlassian/jira/issues.py", line 1043, in update_issue
    account_id = self._get_account_id(value)
  File "/app/.venv/lib/python3.10/site-packages/mcp_atlassian/jira/users.py", line 105, in _get_account_id
    if assignee.startswith("5") and len(assignee) >= 10:
AttributeError: 'dict' object has no attribute 'startswith'

The above exception was the direct cause of the following exception:

Traceback (most recent call last):
  File "/app/.venv/lib/python3.10/site-packages/mcp_atlassian/servers/jira.py", line 940, in update_issue
    issue = jira.update_issue(issue_key=issue_key, **all_updates)
  File "/app/.venv/lib/python3.10/site-packages/mcp_atlassian/jira/issues.py", line 1094, in update_issue
    raise ValueError(f"Failed to update issue {issue_key}: {error_msg}") from e
ValueError: Failed to update issue TRC-28931: 'dict' object has no attribute 'startswith'

During handling of the above exception, another exception occurred:

Traceback (most recent call last):
  File "/app/.venv/lib/python3.10/site-packages/fastmcp/tools/tool_manager.py", line 120, in call_tool
    return await tool.run(arguments)
  File "/app/.venv/lib/python3.10/site-packages/fastmcp/tools/tool.py", line 144, in run
    result = await result
  File "/app/.venv/lib/python3.10/site-packages/mcp_atlassian/utils/decorators.py", line 42, in wrapper
    return await func(ctx, *args, **kwargs)
  File "/app/.venv/lib/python3.10/site-packages/mcp_atlassian/servers/jira.py", line 954, in update_issue
    raise ValueError(f"Failed to update issue {issue_key}: {str(e)}")
ValueError: Failed to update issue TRC-28931: Failed to update issue TRC-28931: 'dict' object has no attribute 'startswith'
📨 Sent initialized notification
INFO:     127.0.0.1:51517 - "POST /invoke HTTP/1.1" 500 Internal Server Error
ERROR:    Exception in ASGI application
Traceback (most recent call last):
  File "/Users/omkaram/Desktop/zeta_repos/github_repos/zeta-hacks-oms/venv/lib/python3.13/site-packages/uvicorn/protocols/http/h11_impl.py", line 403, in run_asgi
    result = await app(  # type: ignore[func-returns-value]
             ^^^^^^^^^^^^^^^^^^^^^^^^^^^^^^^^^^^^^^^^^^^^^^
        self.scope, self.receive, self.send
        ^^^^^^^^^^^^^^^^^^^^^^^^^^^^^^^^^^^
    )
    ^
  File "/Users/omkaram/Desktop/zeta_repos/github_repos/zeta-hacks-oms/venv/lib/python3.13/site-packages/uvicorn/middleware/proxy_headers.py", line 60, in __call__
    return await self.app(scope, receive, send)
           ^^^^^^^^^^^^^^^^^^^^^^^^^^^^^^^^^^^^
  File "/Users/omkaram/Desktop/zeta_repos/github_repos/zeta-hacks-oms/venv/lib/python3.13/site-packages/fastapi/applications.py", line 1054, in __call__
    await super().__call__(scope, receive, send)
  File "/Users/omkaram/Desktop/zeta_repos/github_repos/zeta-hacks-oms/venv/lib/python3.13/site-packages/starlette/applications.py", line 113, in __call__
    await self.middleware_stack(scope, receive, send)
  File "/Users/omkaram/Desktop/zeta_repos/github_repos/zeta-hacks-oms/venv/lib/python3.13/site-packages/starlette/middleware/errors.py", line 186, in __call__
    raise exc
  File "/Users/omkaram/Desktop/zeta_repos/github_repos/zeta-hacks-oms/venv/lib/python3.13/site-packages/starlette/middleware/errors.py", line 164, in __call__
    await self.app(scope, receive, _send)
  File "/Users/omkaram/Desktop/zeta_repos/github_repos/zeta-hacks-oms/venv/lib/python3.13/site-packages/starlette/middleware/exceptions.py", line 63, in __call__
    await wrap_app_handling_exceptions(self.app, conn)(scope, receive, send)
  File "/Users/omkaram/Desktop/zeta_repos/github_repos/zeta-hacks-oms/venv/lib/python3.13/site-packages/starlette/_exception_handler.py", line 53, in wrapped_app
    raise exc
  File "/Users/omkaram/Desktop/zeta_repos/github_repos/zeta-hacks-oms/venv/lib/python3.13/site-packages/starlette/_exception_handler.py", line 42, in wrapped_app
    await app(scope, receive, sender)
  File "/Users/omkaram/Desktop/zeta_repos/github_repos/zeta-hacks-oms/venv/lib/python3.13/site-packages/starlette/routing.py", line 716, in __call__
    await self.middleware_stack(scope, receive, send)
  File "/Users/omkaram/Desktop/zeta_repos/github_repos/zeta-hacks-oms/venv/lib/python3.13/site-packages/starlette/routing.py", line 736, in app
    await route.handle(scope, receive, send)
  File "/Users/omkaram/Desktop/zeta_repos/github_repos/zeta-hacks-oms/venv/lib/python3.13/site-packages/starlette/routing.py", line 290, in handle
    await self.app(scope, receive, send)
  File "/Users/omkaram/Desktop/zeta_repos/github_repos/zeta-hacks-oms/venv/lib/python3.13/site-packages/starlette/routing.py", line 78, in app
    await wrap_app_handling_exceptions(app, request)(scope, receive, send)
  File "/Users/omkaram/Desktop/zeta_repos/github_repos/zeta-hacks-oms/venv/lib/python3.13/site-packages/starlette/_exception_handler.py", line 53, in wrapped_app
    raise exc
  File "/Users/omkaram/Desktop/zeta_repos/github_repos/zeta-hacks-oms/venv/lib/python3.13/site-packages/starlette/_exception_handler.py", line 42, in wrapped_app
    await app(scope, receive, sender)
  File "/Users/omkaram/Desktop/zeta_repos/github_repos/zeta-hacks-oms/venv/lib/python3.13/site-packages/starlette/routing.py", line 75, in app
    response = await f(request)
               ^^^^^^^^^^^^^^^^
  File "/Users/omkaram/Desktop/zeta_repos/github_repos/zeta-hacks-oms/venv/lib/python3.13/site-packages/fastapi/routing.py", line 302, in app
    raw_response = await run_endpoint_function(
                   ^^^^^^^^^^^^^^^^^^^^^^^^^^^^
    ...<3 lines>...
    )
    ^
  File "/Users/omkaram/Desktop/zeta_repos/github_repos/zeta-hacks-oms/venv/lib/python3.13/site-packages/fastapi/routing.py", line 215, in run_endpoint_function
    return await run_in_threadpool(dependant.call, **values)
           ^^^^^^^^^^^^^^^^^^^^^^^^^^^^^^^^^^^^^^^^^^^^^^^^^
  File "/Users/omkaram/Desktop/zeta_repos/github_repos/zeta-hacks-oms/venv/lib/python3.13/site-packages/starlette/concurrency.py", line 38, in run_in_threadpool
    return await anyio.to_thread.run_sync(func)
           ^^^^^^^^^^^^^^^^^^^^^^^^^^^^^^^^^^^^
  File "/Users/omkaram/Desktop/zeta_repos/github_repos/zeta-hacks-oms/venv/lib/python3.13/site-packages/anyio/to_thread.py", line 56, in run_sync
    return await get_async_backend().run_sync_in_worker_thread(
           ^^^^^^^^^^^^^^^^^^^^^^^^^^^^^^^^^^^^^^^^^^^^^^^^^^^^
        func, args, abandon_on_cancel=abandon_on_cancel, limiter=limiter
        ^^^^^^^^^^^^^^^^^^^^^^^^^^^^^^^^^^^^^^^^^^^^^^^^^^^^^^^^^^^^^^^^
    )
    ^
  File "/Users/omkaram/Desktop/zeta_repos/github_repos/zeta-hacks-oms/venv/lib/python3.13/site-packages/anyio/_backends/_asyncio.py", line 2476, in run_sync_in_worker_thread
    return await future
           ^^^^^^^^^^^^
  File "/Users/omkaram/Desktop/zeta_repos/github_repos/zeta-hacks-oms/venv/lib/python3.13/site-packages/anyio/_backends/_asyncio.py", line 967, in run
    result = context.run(func, *args)
  File "/Users/omkaram/Desktop/zeta_repos/github_repos/zeta-hacks-oms/server/app.py", line 39, in orchestrate
    process(prompt_version, issue_key, seed)
    ~~~~~~~^^^^^^^^^^^^^^^^^^^^^^^^^^^^^^^^^
  File "/Users/omkaram/Desktop/zeta_repos/github_repos/zeta-hacks-oms/converse_style_orchestrator.py", line 157, in process
    tool_result_msg = handle_tool_use(execution=execution, tool_use_block=tool_use_block)
  File "/Users/omkaram/Desktop/zeta_repos/github_repos/zeta-hacks-oms/converse_style_orchestrator.py", line 37, in handle_tool_use
    result = mcp_router.execute_tool(
            execution,
    ...<3 lines>...
            }
    )
  File "/Users/omkaram/Desktop/zeta_repos/github_repos/zeta-hacks-oms/mcp_router.py", line 67, in execute_tool
    res = self.jira_update_issue(params)
  File "/Users/omkaram/Desktop/zeta_repos/github_repos/zeta-hacks-oms/mcp_router.py", line 151, in jira_update_issue
    return self.jira_client.jira_update_issue(
           ~~~~~~~~~~~~~~~~~~~~~~~~~~~~~~~~~~^
        issue_key=issue_key,
        ^^^^^^^^^^^^^^^^^^^^
    ...<2 lines>...
        attachments=attachments,
        ^^^^^^^^^^^^^^^^^^^^^^^^
    )
    ^
  File "/Users/omkaram/Desktop/zeta_repos/github_repos/zeta-hacks-oms/jira_mcp_client/client.py", line 207, in jira_update_issue
    return json.loads(raw_text)
           ~~~~~~~~~~^^^^^^^^^^
  File "/Users/omkaram/homebrew/Cellar/python@3.13/3.13.7/Frameworks/Python.framework/Versions/3.13/lib/python3.13/json/__init__.py", line 346, in loads
    return _default_decoder.decode(s)
           ~~~~~~~~~~~~~~~~~~~~~~~^^^
  File "/Users/omkaram/homebrew/Cellar/python@3.13/3.13.7/Frameworks/Python.framework/Versions/3.13/lib/python3.13/json/decoder.py", line 345, in decode
    obj, end = self.raw_decode(s, idx=_w(s, 0).end())
               ~~~~~~~~~~~~~~~^^^^^^^^^^^^^^^^^^^^^^^
  File "/Users/omkaram/homebrew/Cellar/python@3.13/3.13.7/Frameworks/Python.framework/Versions/3.13/lib/python3.13/json/decoder.py", line 363, in raw_decode
    raise JSONDecodeError("Expecting value", s, err.value) from None
json.decoder.JSONDecodeError: Expecting value: line 1 column 1 (char 0)
WARNING:  StatReload detected changes in 'server/app.py'. Reloading...
INFO:     Shutting down
INFO:     Waiting for application shutdown.
INFO:     Application shutdown complete.
INFO:     Finished server process [25783]
2025-09-12T13:14:17.320281Z  INFO rmcp::service: input stream terminated
2025-09-12T13:14:17.320376Z  INFO rmcp::service: serve finished quit_reason=Closed
INFO - mcp-atlassian.server.main - Main Atlassian MCP server lifespan shutting down...
INFO - mcp-atlassian.server.main - Main Atlassian MCP server lifespan shutdown complete.
INFO - mcp-atlassian.utils.lifecycle - Server stopped, flushing output streams...
2025-09-12T13:14:19.390953Z  INFO elasticsearch_core_mcp_server: Starting MCP server
2025-09-12T13:14:19.400736Z  INFO rmcp::handler::server: client initialized
2025-09-12T13:14:19.400799Z  INFO serve_inner: rmcp::service: Service initialized as server peer_info=Some(InitializeRequestParam { protocol_version: ProtocolVersion("0.1"), capabilities: ClientCapabilities { experimental: None, roots: None, sampling: None }, client_info: Implementation { name: "es-mcp-client", version: "1.0.0" } })
{"timestamp":"2025-09-12T13:14:19.486Z","level":"info","message":"Using Metabase API Key for authentication."}
INFO: Using Metabase API Key for authentication.
{"timestamp":"2025-09-12T13:14:19.489Z","level":"info","message":"Starting Metabase MCP server..."}
INFO: Starting Metabase MCP server...
{"timestamp":"2025-09-12T13:14:19.490Z","level":"info","message":"Metabase MCP server running on stdio"}
INFO: Metabase MCP server running on stdio
INFO - mcp-atlassian.server.main - Added /healthz endpoint for Kubernetes probes
INFO - mcp-atlassian - Starting server with STDIO transport.
[09/12/25 13:14:20] INFO     Starting MCP server 'Atlassian MCP'   server.py:734
                             with transport 'stdio'                             
INFO - FastMCP.fastmcp.server.server - Starting MCP server 'Atlassian MCP' with transport 'stdio'
INFO - mcp-atlassian.server.main - Main Atlassian MCP server lifespan starting...
INFO - mcp-atlassian.utils.environment - Using Jira Cloud Basic Authentication (API Token)
INFO - mcp-atlassian.utils.environment - Confluence is not configured or required environment variables are missing.
INFO - mcp-atlassian.server.main - Jira configuration loaded and authentication is configured.
INFO - mcp-atlassian.server.main - Read-only mode: DISABLED
INFO - mcp-atlassian.server.main - Enabled tools filter: All tools enabled
INFO:     Started server process [26495]
INFO:     Waiting for application startup.
INFO:     Application startup complete.
WARNING:  StatReload detected changes in 'server/app.py'. Reloading...
INFO:     Shutting down
INFO:     Waiting for application shutdown.
INFO:     Application shutdown complete.
INFO:     Finished server process [26495]
2025-09-12T13:14:23.447949Z  INFO rmcp::service: input stream terminated
2025-09-12T13:14:23.447963Z  INFO rmcp::service: serve finished quit_reason=Closed
INFO - mcp-atlassian.server.main - Main Atlassian MCP server lifespan shutting down...
INFO - mcp-atlassian.server.main - Main Atlassian MCP server lifespan shutdown complete.
INFO - mcp-atlassian.utils.lifecycle - Server stopped, flushing output streams...
2025-09-12T13:14:24.169816Z  INFO elasticsearch_core_mcp_server: Starting MCP server
2025-09-12T13:14:24.181113Z  INFO rmcp::handler::server: client initialized
2025-09-12T13:14:24.181130Z  INFO serve_inner: rmcp::service: Service initialized as server peer_info=Some(InitializeRequestParam { protocol_version: ProtocolVersion("0.1"), capabilities: ClientCapabilities { experimental: None, roots: None, sampling: None }, client_info: Implementation { name: "es-mcp-client", version: "1.0.0" } })
{"timestamp":"2025-09-12T13:14:24.261Z","level":"info","message":"Using Metabase API Key for authentication."}
INFO: Using Metabase API Key for authentication.
{"timestamp":"2025-09-12T13:14:24.262Z","level":"info","message":"Starting Metabase MCP server..."}
INFO: Starting Metabase MCP server...
{"timestamp":"2025-09-12T13:14:24.262Z","level":"info","message":"Metabase MCP server running on stdio"}
INFO: Metabase MCP server running on stdio
WARNING:  StatReload detected changes in 'server/app.py'. Reloading...
2025-09-12T13:14:24.354749Z  INFO rmcp::service: input stream terminated
2025-09-12T13:14:24.354811Z  INFO rmcp::service: serve finished quit_reason=Closed
2025-09-12T13:14:25.117798Z  INFO elasticsearch_core_mcp_server: Starting MCP server
2025-09-12T13:14:25.150650Z  INFO rmcp::handler::server: client initialized
2025-09-12T13:14:25.150746Z  INFO serve_inner: rmcp::service: Service initialized as server peer_info=Some(InitializeRequestParam { protocol_version: ProtocolVersion("0.1"), capabilities: ClientCapabilities { experimental: None, roots: None, sampling: None }, client_info: Implementation { name: "es-mcp-client", version: "1.0.0" } })
{"timestamp":"2025-09-12T13:14:25.199Z","level":"info","message":"Using Metabase API Key for authentication."}
INFO: Using Metabase API Key for authentication.
{"timestamp":"2025-09-12T13:14:25.200Z","level":"info","message":"Starting Metabase MCP server..."}
INFO: Starting Metabase MCP server...
{"timestamp":"2025-09-12T13:14:25.200Z","level":"info","message":"Metabase MCP server running on stdio"}
INFO: Metabase MCP server running on stdio
INFO - mcp-atlassian.server.main - Added /healthz endpoint for Kubernetes probes
INFO - mcp-atlassian - Starting server with STDIO transport.
[09/12/25 13:14:26] INFO     Starting MCP server 'Atlassian MCP'   server.py:734
                             with transport 'stdio'                             
INFO - FastMCP.fastmcp.server.server - Starting MCP server 'Atlassian MCP' with transport 'stdio'
INFO - mcp-atlassian.server.main - Main Atlassian MCP server lifespan starting...
INFO - mcp-atlassian.utils.environment - Using Jira Cloud Basic Authentication (API Token)
INFO - mcp-atlassian.utils.environment - Confluence is not configured or required environment variables are missing.
INFO - mcp-atlassian.server.main - Jira configuration loaded and authentication is configured.
INFO - mcp-atlassian.server.main - Read-only mode: DISABLED
INFO - mcp-atlassian.server.main - Enabled tools filter: All tools enabled
INFO - mcp-atlassian.server.main - Main Atlassian MCP server lifespan shutting down...
INFO - mcp-atlassian.server.main - Main Atlassian MCP server lifespan shutdown complete.
INFO - mcp-atlassian.utils.lifecycle - Server stopped, flushing output streams...
INFO - mcp-atlassian.server.main - Added /healthz endpoint for Kubernetes probes
INFO - mcp-atlassian - Starting server with STDIO transport.
[09/12/25 13:14:26] INFO     Starting MCP server 'Atlassian MCP'   server.py:734
                             with transport 'stdio'                             
INFO - FastMCP.fastmcp.server.server - Starting MCP server 'Atlassian MCP' with transport 'stdio'
INFO - mcp-atlassian.server.main - Main Atlassian MCP server lifespan starting...
INFO - mcp-atlassian.utils.environment - Using Jira Cloud Basic Authentication (API Token)
INFO - mcp-atlassian.utils.environment - Confluence is not configured or required environment variables are missing.
INFO - mcp-atlassian.server.main - Jira configuration loaded and authentication is configured.
INFO - mcp-atlassian.server.main - Read-only mode: DISABLED
INFO - mcp-atlassian.server.main - Enabled tools filter: All tools enabled
INFO:     Started server process [26516]
INFO:     Waiting for application startup.
INFO:     Application startup complete.
WARNING:  StatReload detected changes in 'server/app.py'. Reloading...
INFO:     Shutting down
INFO:     Waiting for application shutdown.
INFO:     Application shutdown complete.
INFO:     Finished server process [26516]
INFO - mcp-atlassian.server.main - Main Atlassian MCP server lifespan shutting down...
INFO - mcp-atlassian.server.main - Main Atlassian MCP server lifespan shutdown complete.
INFO - mcp-atlassian.utils.lifecycle - Server stopped, flushing output streams...
2025-09-12T13:14:43.941202Z  INFO rmcp::service: input stream terminated
2025-09-12T13:14:43.941304Z  INFO rmcp::service: serve finished quit_reason=Closed
2025-09-12T13:14:44.703404Z  INFO elasticsearch_core_mcp_server: Starting MCP server
2025-09-12T13:14:44.713454Z  INFO rmcp::handler::server: client initialized
2025-09-12T13:14:44.713469Z  INFO serve_inner: rmcp::service: Service initialized as server peer_info=Some(InitializeRequestParam { protocol_version: ProtocolVersion("0.1"), capabilities: ClientCapabilities { experimental: None, roots: None, sampling: None }, client_info: Implementation { name: "es-mcp-client", version: "1.0.0" } })
{"timestamp":"2025-09-12T13:14:44.861Z","level":"info","message":"Using Metabase API Key for authentication."}
INFO: Using Metabase API Key for authentication.
{"timestamp":"2025-09-12T13:14:44.862Z","level":"info","message":"Starting Metabase MCP server..."}
INFO: Starting Metabase MCP server...
{"timestamp":"2025-09-12T13:14:44.862Z","level":"info","message":"Metabase MCP server running on stdio"}
INFO: Metabase MCP server running on stdio
INFO - mcp-atlassian.server.main - Added /healthz endpoint for Kubernetes probes
INFO - mcp-atlassian - Starting server with STDIO transport.
[09/12/25 13:14:46] INFO     Starting MCP server 'Atlassian MCP'   server.py:734
                             with transport 'stdio'                             
INFO - FastMCP.fastmcp.server.server - Starting MCP server 'Atlassian MCP' with transport 'stdio'
INFO - mcp-atlassian.server.main - Main Atlassian MCP server lifespan starting...
INFO - mcp-atlassian.utils.environment - Using Jira Cloud Basic Authentication (API Token)
INFO - mcp-atlassian.utils.environment - Confluence is not configured or required environment variables are missing.
INFO - mcp-atlassian.server.main - Jira configuration loaded and authentication is configured.
INFO - mcp-atlassian.server.main - Read-only mode: DISABLED
INFO - mcp-atlassian.server.main - Enabled tools filter: All tools enabled
INFO:     Started server process [26536]
INFO:     Waiting for application startup.
INFO:     Application startup complete.
WARNING:  StatReload detected changes in 'server/app.py'. Reloading...
INFO:     Shutting down
INFO:     Waiting for application shutdown.
INFO:     Application shutdown complete.
INFO:     Finished server process [26536]
INFO - mcp-atlassian.server.main - Main Atlassian MCP server lifespan shutting down...
INFO - mcp-atlassian.server.main - Main Atlassian MCP server lifespan shutdown complete.
INFO - mcp-atlassian.utils.lifecycle - Server stopped, flushing output streams...
2025-09-12T13:14:48.261736Z  INFO rmcp::service: input stream terminated
2025-09-12T13:14:48.261749Z  INFO rmcp::service: serve finished quit_reason=Closed
2025-09-12T13:14:49.075453Z  INFO elasticsearch_core_mcp_server: Starting MCP server
2025-09-12T13:14:49.089512Z  INFO rmcp::handler::server: client initialized
2025-09-12T13:14:49.089582Z  INFO serve_inner: rmcp::service: Service initialized as server peer_info=Some(InitializeRequestParam { protocol_version: ProtocolVersion("0.1"), capabilities: ClientCapabilities { experimental: None, roots: None, sampling: None }, client_info: Implementation { name: "es-mcp-client", version: "1.0.0" } })
{"timestamp":"2025-09-12T13:14:49.189Z","level":"info","message":"Using Metabase API Key for authentication."}
INFO: Using Metabase API Key for authentication.
{"timestamp":"2025-09-12T13:14:49.190Z","level":"info","message":"Starting Metabase MCP server..."}
INFO: Starting Metabase MCP server...
{"timestamp":"2025-09-12T13:14:49.190Z","level":"info","message":"Metabase MCP server running on stdio"}
INFO: Metabase MCP server running on stdio
INFO - mcp-atlassian.server.main - Added /healthz endpoint for Kubernetes probes
INFO - mcp-atlassian - Starting server with STDIO transport.
[09/12/25 13:14:50] INFO     Starting MCP server 'Atlassian MCP'   server.py:734
                             with transport 'stdio'                             
INFO - FastMCP.fastmcp.server.server - Starting MCP server 'Atlassian MCP' with transport 'stdio'
INFO - mcp-atlassian.server.main - Main Atlassian MCP server lifespan starting...
INFO - mcp-atlassian.utils.environment - Using Jira Cloud Basic Authentication (API Token)
INFO - mcp-atlassian.utils.environment - Confluence is not configured or required environment variables are missing.
INFO - mcp-atlassian.server.main - Jira configuration loaded and authentication is configured.
INFO - mcp-atlassian.server.main - Read-only mode: DISABLED
INFO - mcp-atlassian.server.main - Enabled tools filter: All tools enabled
INFO:     Started server process [26545]
INFO:     Waiting for application startup.
INFO:     Application startup complete.
WARNING:  StatReload detected changes in 'converse_style_orchestrator.py'. Reloading...
INFO:     Shutting down
INFO:     Waiting for application shutdown.
INFO:     Application shutdown complete.
INFO:     Finished server process [26545]
INFO - mcp-atlassian.server.main - Main Atlassian MCP server lifespan shutting down...
INFO - mcp-atlassian.server.main - Main Atlassian MCP server lifespan shutdown complete.
INFO - mcp-atlassian.utils.lifecycle - Server stopped, flushing output streams...
2025-09-12T13:15:01.822934Z  INFO rmcp::service: input stream terminated
2025-09-12T13:15:01.823168Z  INFO rmcp::service: serve finished quit_reason=Closed
2025-09-12T13:15:02.619897Z  INFO elasticsearch_core_mcp_server: Starting MCP server
2025-09-12T13:15:02.634187Z  INFO rmcp::handler::server: client initialized
2025-09-12T13:15:02.634202Z  INFO serve_inner: rmcp::service: Service initialized as server peer_info=Some(InitializeRequestParam { protocol_version: ProtocolVersion("0.1"), capabilities: ClientCapabilities { experimental: None, roots: None, sampling: None }, client_info: Implementation { name: "es-mcp-client", version: "1.0.0" } })
{"timestamp":"2025-09-12T13:15:02.678Z","level":"info","message":"Using Metabase API Key for authentication."}
INFO: Using Metabase API Key for authentication.
{"timestamp":"2025-09-12T13:15:02.678Z","level":"info","message":"Starting Metabase MCP server..."}
INFO: Starting Metabase MCP server...
{"timestamp":"2025-09-12T13:15:02.679Z","level":"info","message":"Metabase MCP server running on stdio"}
INFO: Metabase MCP server running on stdio
INFO - mcp-atlassian.server.main - Added /healthz endpoint for Kubernetes probes
INFO - mcp-atlassian - Starting server with STDIO transport.
[09/12/25 13:15:04] INFO     Starting MCP server 'Atlassian MCP'   server.py:734
                             with transport 'stdio'                             
INFO - FastMCP.fastmcp.server.server - Starting MCP server 'Atlassian MCP' with transport 'stdio'
INFO - mcp-atlassian.server.main - Main Atlassian MCP server lifespan starting...
INFO - mcp-atlassian.utils.environment - Using Jira Cloud Basic Authentication (API Token)
INFO - mcp-atlassian.utils.environment - Confluence is not configured or required environment variables are missing.
INFO - mcp-atlassian.server.main - Jira configuration loaded and authentication is configured.
INFO - mcp-atlassian.server.main - Read-only mode: DISABLED
INFO - mcp-atlassian.server.main - Enabled tools filter: All tools enabled
INFO:     Started server process [26571]
INFO:     Waiting for application startup.
INFO:     Application startup complete.
WARNING:  StatReload detected changes in 'db/execution_store.py'. Reloading...
INFO:     Shutting down
INFO:     Waiting for application shutdown.
INFO:     Application shutdown complete.
INFO:     Finished server process [26571]
INFO - mcp-atlassian.server.main - Main Atlassian MCP server lifespan shutting down...
INFO - mcp-atlassian.server.main - Main Atlassian MCP server lifespan shutdown complete.
INFO - mcp-atlassian.utils.lifecycle - Server stopped, flushing output streams...
2025-09-12T13:15:09.114781Z  INFO rmcp::service: input stream terminated
2025-09-12T13:15:09.114792Z  INFO rmcp::service: serve finished quit_reason=Closed
2025-09-12T13:15:09.896589Z  INFO elasticsearch_core_mcp_server: Starting MCP server
2025-09-12T13:15:09.910534Z  INFO rmcp::handler::server: client initialized
2025-09-12T13:15:09.910549Z  INFO serve_inner: rmcp::service: Service initialized as server peer_info=Some(InitializeRequestParam { protocol_version: ProtocolVersion("0.1"), capabilities: ClientCapabilities { experimental: None, roots: None, sampling: None }, client_info: Implementation { name: "es-mcp-client", version: "1.0.0" } })
{"timestamp":"2025-09-12T13:15:09.996Z","level":"info","message":"Using Metabase API Key for authentication."}
INFO: Using Metabase API Key for authentication.
{"timestamp":"2025-09-12T13:15:09.997Z","level":"info","message":"Starting Metabase MCP server..."}
INFO: Starting Metabase MCP server...
{"timestamp":"2025-09-12T13:15:09.998Z","level":"info","message":"Metabase MCP server running on stdio"}
INFO: Metabase MCP server running on stdio
INFO - mcp-atlassian.server.main - Added /healthz endpoint for Kubernetes probes
INFO - mcp-atlassian - Starting server with STDIO transport.
[09/12/25 13:15:11] INFO     Starting MCP server 'Atlassian MCP'   server.py:734
                             with transport 'stdio'                             
INFO - FastMCP.fastmcp.server.server - Starting MCP server 'Atlassian MCP' with transport 'stdio'
INFO - mcp-atlassian.server.main - Main Atlassian MCP server lifespan starting...
INFO - mcp-atlassian.utils.environment - Using Jira Cloud Basic Authentication (API Token)
INFO - mcp-atlassian.utils.environment - Confluence is not configured or required environment variables are missing.
INFO - mcp-atlassian.server.main - Jira configuration loaded and authentication is configured.
INFO - mcp-atlassian.server.main - Read-only mode: DISABLED
INFO - mcp-atlassian.server.main - Enabled tools filter: All tools enabled
INFO:     Started server process [26582]
INFO:     Waiting for application startup.
INFO:     Application startup complete.
WARNING:  StatReload detected changes in 'db/mongo_execution_store.py'. Reloading...
INFO:     Shutting down
INFO:     Waiting for application shutdown.
INFO:     Application shutdown complete.
INFO:     Finished server process [26582]
2025-09-12T13:15:13.959377Z  INFO rmcp::service: input stream terminated
2025-09-12T13:15:13.959495Z  INFO rmcp::service: serve finished quit_reason=Closed
INFO - mcp-atlassian.server.main - Main Atlassian MCP server lifespan shutting down...
INFO - mcp-atlassian.server.main - Main Atlassian MCP server lifespan shutdown complete.
INFO - mcp-atlassian.utils.lifecycle - Server stopped, flushing output streams...
2025-09-12T13:15:14.657103Z  INFO elasticsearch_core_mcp_server: Starting MCP server
2025-09-12T13:15:14.666355Z  INFO rmcp::handler::server: client initialized
2025-09-12T13:15:14.666376Z  INFO serve_inner: rmcp::service: Service initialized as server peer_info=Some(InitializeRequestParam { protocol_version: ProtocolVersion("0.1"), capabilities: ClientCapabilities { experimental: None, roots: None, sampling: None }, client_info: Implementation { name: "es-mcp-client", version: "1.0.0" } })
{"timestamp":"2025-09-12T13:15:14.735Z","level":"info","message":"Using Metabase API Key for authentication."}
INFO: Using Metabase API Key for authentication.
{"timestamp":"2025-09-12T13:15:14.736Z","level":"info","message":"Starting Metabase MCP server..."}
INFO: Starting Metabase MCP server...
{"timestamp":"2025-09-12T13:15:14.736Z","level":"info","message":"Metabase MCP server running on stdio"}
INFO: Metabase MCP server running on stdio
WARNING:  StatReload detected changes in 'db/mongo_execution_store.py'. Reloading...
2025-09-12T13:15:14.855820Z  INFO rmcp::service: input stream terminated
2025-09-12T13:15:14.855830Z  INFO rmcp::service: serve finished quit_reason=Closed
2025-09-12T13:15:15.485010Z  INFO elasticsearch_core_mcp_server: Starting MCP server
2025-09-12T13:15:15.497263Z  INFO rmcp::handler::server: client initialized
2025-09-12T13:15:15.497280Z  INFO serve_inner: rmcp::service: Service initialized as server peer_info=Some(InitializeRequestParam { protocol_version: ProtocolVersion("0.1"), capabilities: ClientCapabilities { experimental: None, roots: None, sampling: None }, client_info: Implementation { name: "es-mcp-client", version: "1.0.0" } })
{"timestamp":"2025-09-12T13:15:15.587Z","level":"info","message":"Using Metabase API Key for authentication."}
INFO: Using Metabase API Key for authentication.
{"timestamp":"2025-09-12T13:15:15.588Z","level":"info","message":"Starting Metabase MCP server..."}
INFO: Starting Metabase MCP server...
{"timestamp":"2025-09-12T13:15:15.589Z","level":"info","message":"Metabase MCP server running on stdio"}
INFO: Metabase MCP server running on stdio
INFO - mcp-atlassian.server.main - Added /healthz endpoint for Kubernetes probes
INFO - mcp-atlassian - Starting server with STDIO transport.
[09/12/25 13:15:16] INFO     Starting MCP server 'Atlassian MCP'   server.py:734
                             with transport 'stdio'                             
INFO - FastMCP.fastmcp.server.server - Starting MCP server 'Atlassian MCP' with transport 'stdio'
INFO - mcp-atlassian.server.main - Main Atlassian MCP server lifespan starting...
INFO - mcp-atlassian.utils.environment - Using Jira Cloud Basic Authentication (API Token)
INFO - mcp-atlassian.utils.environment - Confluence is not configured or required environment variables are missing.
INFO - mcp-atlassian.server.main - Jira configuration loaded and authentication is configured.
INFO - mcp-atlassian.server.main - Read-only mode: DISABLED
INFO - mcp-atlassian.server.main - Enabled tools filter: All tools enabled
INFO - mcp-atlassian.server.main - Main Atlassian MCP server lifespan shutting down...
INFO - mcp-atlassian.server.main - Main Atlassian MCP server lifespan shutdown complete.
INFO - mcp-atlassian.utils.lifecycle - Server stopped, flushing output streams...
INFO - mcp-atlassian.server.main - Added /healthz endpoint for Kubernetes probes
INFO - mcp-atlassian - Starting server with STDIO transport.
[09/12/25 13:15:17] INFO     Starting MCP server 'Atlassian MCP'   server.py:734
                             with transport 'stdio'                             
INFO - FastMCP.fastmcp.server.server - Starting MCP server 'Atlassian MCP' with transport 'stdio'
INFO - mcp-atlassian.server.main - Main Atlassian MCP server lifespan starting...
INFO - mcp-atlassian.utils.environment - Using Jira Cloud Basic Authentication (API Token)
INFO - mcp-atlassian.utils.environment - Confluence is not configured or required environment variables are missing.
INFO - mcp-atlassian.server.main - Jira configuration loaded and authentication is configured.
INFO - mcp-atlassian.server.main - Read-only mode: DISABLED
INFO - mcp-atlassian.server.main - Enabled tools filter: All tools enabled
INFO:     Started server process [26598]
INFO:     Waiting for application startup.
INFO:     Application startup complete.
WARNING:  StatReload detected changes in 'db/mongo_execution_store.py'. Reloading...
INFO:     Shutting down
INFO:     Waiting for application shutdown.
INFO:     Application shutdown complete.
INFO:     Finished server process [26598]
2025-09-12T13:15:20.562425Z  INFO rmcp::service: input stream terminated
2025-09-12T13:15:20.562443Z  INFO rmcp::service: serve finished quit_reason=Closed
INFO - mcp-atlassian.server.main - Main Atlassian MCP server lifespan shutting down...
INFO - mcp-atlassian.server.main - Main Atlassian MCP server lifespan shutdown complete.
INFO - mcp-atlassian.utils.lifecycle - Server stopped, flushing output streams...
2025-09-12T13:15:21.307830Z  INFO elasticsearch_core_mcp_server: Starting MCP server
2025-09-12T13:15:21.331102Z  INFO rmcp::handler::server: client initialized
2025-09-12T13:15:21.331122Z  INFO serve_inner: rmcp::service: Service initialized as server peer_info=Some(InitializeRequestParam { protocol_version: ProtocolVersion("0.1"), capabilities: ClientCapabilities { experimental: None, roots: None, sampling: None }, client_info: Implementation { name: "es-mcp-client", version: "1.0.0" } })
{"timestamp":"2025-09-12T13:15:21.491Z","level":"info","message":"Using Metabase API Key for authentication."}
INFO: Using Metabase API Key for authentication.
{"timestamp":"2025-09-12T13:15:21.491Z","level":"info","message":"Starting Metabase MCP server..."}
INFO: Starting Metabase MCP server...
{"timestamp":"2025-09-12T13:15:21.492Z","level":"info","message":"Metabase MCP server running on stdio"}
INFO: Metabase MCP server running on stdio
WARNING:  StatReload detected changes in 'db/mongo_execution_store.py'. Reloading...
2025-09-12T13:15:21.552850Z  INFO rmcp::service: input stream terminated
2025-09-12T13:15:21.553042Z  INFO rmcp::service: serve finished quit_reason=Closed
2025-09-12T13:15:22.152972Z  INFO elasticsearch_core_mcp_server: Starting MCP server
2025-09-12T13:15:22.182382Z  INFO rmcp::handler::server: client initialized
2025-09-12T13:15:22.182456Z  INFO serve_inner: rmcp::service: Service initialized as server peer_info=Some(InitializeRequestParam { protocol_version: ProtocolVersion("0.1"), capabilities: ClientCapabilities { experimental: None, roots: None, sampling: None }, client_info: Implementation { name: "es-mcp-client", version: "1.0.0" } })
{"timestamp":"2025-09-12T13:15:22.193Z","level":"info","message":"Using Metabase API Key for authentication."}
INFO: Using Metabase API Key for authentication.
{"timestamp":"2025-09-12T13:15:22.194Z","level":"info","message":"Starting Metabase MCP server..."}
INFO: Starting Metabase MCP server...
{"timestamp":"2025-09-12T13:15:22.195Z","level":"info","message":"Metabase MCP server running on stdio"}
INFO: Metabase MCP server running on stdio
INFO - mcp-atlassian.server.main - Added /healthz endpoint for Kubernetes probes
INFO - mcp-atlassian - Starting server with STDIO transport.
[09/12/25 13:15:23] INFO     Starting MCP server 'Atlassian MCP'   server.py:734
                             with transport 'stdio'                             
INFO - FastMCP.fastmcp.server.server - Starting MCP server 'Atlassian MCP' with transport 'stdio'
INFO - mcp-atlassian.server.main - Main Atlassian MCP server lifespan starting...
INFO - mcp-atlassian.utils.environment - Using Jira Cloud Basic Authentication (API Token)
INFO - mcp-atlassian.utils.environment - Confluence is not configured or required environment variables are missing.
INFO - mcp-atlassian.server.main - Jira configuration loaded and authentication is configured.
INFO - mcp-atlassian.server.main - Read-only mode: DISABLED
INFO - mcp-atlassian.server.main - Enabled tools filter: All tools enabled
INFO - mcp-atlassian.server.main - Main Atlassian MCP server lifespan shutting down...
INFO - mcp-atlassian.server.main - Main Atlassian MCP server lifespan shutdown complete.
INFO - mcp-atlassian.utils.lifecycle - Server stopped, flushing output streams...
INFO - mcp-atlassian.server.main - Added /healthz endpoint for Kubernetes probes
INFO - mcp-atlassian - Starting server with STDIO transport.
[09/12/25 13:15:23] INFO     Starting MCP server 'Atlassian MCP'   server.py:734
                             with transport 'stdio'                             
INFO - FastMCP.fastmcp.server.server - Starting MCP server 'Atlassian MCP' with transport 'stdio'
INFO - mcp-atlassian.server.main - Main Atlassian MCP server lifespan starting...
INFO - mcp-atlassian.utils.environment - Using Jira Cloud Basic Authentication (API Token)
INFO - mcp-atlassian.utils.environment - Confluence is not configured or required environment variables are missing.
INFO - mcp-atlassian.server.main - Jira configuration loaded and authentication is configured.
INFO - mcp-atlassian.server.main - Read-only mode: DISABLED
INFO - mcp-atlassian.server.main - Enabled tools filter: All tools enabled
INFO:     Started server process [26619]
INFO:     Waiting for application startup.
INFO:     Application startup complete.
WARNING:  StatReload detected changes in 'objects/execution.py'. Reloading...
INFO:     Shutting down
INFO:     Waiting for application shutdown.
INFO:     Application shutdown complete.
INFO:     Finished server process [26619]
2025-09-12T13:15:44.298625Z  INFO rmcp::service: input stream terminated
2025-09-12T13:15:44.298679Z  INFO rmcp::service: serve finished quit_reason=Closed
INFO - mcp-atlassian.server.main - Main Atlassian MCP server lifespan shutting down...
INFO - mcp-atlassian.server.main - Main Atlassian MCP server lifespan shutdown complete.
INFO - mcp-atlassian.utils.lifecycle - Server stopped, flushing output streams...
2025-09-12T13:15:45.063580Z  INFO elasticsearch_core_mcp_server: Starting MCP server
2025-09-12T13:15:45.074883Z  INFO rmcp::handler::server: client initialized
2025-09-12T13:15:45.074902Z  INFO serve_inner: rmcp::service: Service initialized as server peer_info=Some(InitializeRequestParam { protocol_version: ProtocolVersion("0.1"), capabilities: ClientCapabilities { experimental: None, roots: None, sampling: None }, client_info: Implementation { name: "es-mcp-client", version: "1.0.0" } })
{"timestamp":"2025-09-12T13:15:45.102Z","level":"info","message":"Using Metabase API Key for authentication."}
INFO: Using Metabase API Key for authentication.
{"timestamp":"2025-09-12T13:15:45.103Z","level":"info","message":"Starting Metabase MCP server..."}
INFO: Starting Metabase MCP server...
{"timestamp":"2025-09-12T13:15:45.103Z","level":"info","message":"Metabase MCP server running on stdio"}
INFO: Metabase MCP server running on stdio
WARNING:  StatReload detected changes in 'objects/execution.py'. Reloading...
2025-09-12T13:15:45.193040Z  INFO rmcp::service: input stream terminated
2025-09-12T13:15:45.193051Z  INFO rmcp::service: serve finished quit_reason=Closed
2025-09-12T13:15:45.827517Z  INFO elasticsearch_core_mcp_server: Starting MCP server
2025-09-12T13:15:45.837273Z  INFO rmcp::handler::server: client initialized
2025-09-12T13:15:45.837285Z  INFO serve_inner: rmcp::service: Service initialized as server peer_info=Some(InitializeRequestParam { protocol_version: ProtocolVersion("0.1"), capabilities: ClientCapabilities { experimental: None, roots: None, sampling: None }, client_info: Implementation { name: "es-mcp-client", version: "1.0.0" } })
{"timestamp":"2025-09-12T13:15:45.933Z","level":"info","message":"Using Metabase API Key for authentication."}
INFO: Using Metabase API Key for authentication.
{"timestamp":"2025-09-12T13:15:45.933Z","level":"info","message":"Starting Metabase MCP server..."}
INFO: Starting Metabase MCP server...
{"timestamp":"2025-09-12T13:15:45.934Z","level":"info","message":"Metabase MCP server running on stdio"}
INFO: Metabase MCP server running on stdio
INFO - mcp-atlassian.server.main - Added /healthz endpoint for Kubernetes probes
INFO - mcp-atlassian - Starting server with STDIO transport.
[09/12/25 13:15:46] INFO     Starting MCP server 'Atlassian MCP'   server.py:734
                             with transport 'stdio'                             
INFO - FastMCP.fastmcp.server.server - Starting MCP server 'Atlassian MCP' with transport 'stdio'
INFO - mcp-atlassian.server.main - Main Atlassian MCP server lifespan starting...
INFO - mcp-atlassian.utils.environment - Using Jira Cloud Basic Authentication (API Token)
INFO - mcp-atlassian.utils.environment - Confluence is not configured or required environment variables are missing.
INFO - mcp-atlassian.server.main - Jira configuration loaded and authentication is configured.
INFO - mcp-atlassian.server.main - Read-only mode: DISABLED
INFO - mcp-atlassian.server.main - Enabled tools filter: All tools enabled
INFO - mcp-atlassian.server.main - Main Atlassian MCP server lifespan shutting down...
INFO - mcp-atlassian.server.main - Main Atlassian MCP server lifespan shutdown complete.
INFO - mcp-atlassian.utils.lifecycle - Server stopped, flushing output streams...
INFO - mcp-atlassian.server.main - Added /healthz endpoint for Kubernetes probes
INFO - mcp-atlassian - Starting server with STDIO transport.
[09/12/25 13:15:47] INFO     Starting MCP server 'Atlassian MCP'   server.py:734
                             with transport 'stdio'                             
INFO - FastMCP.fastmcp.server.server - Starting MCP server 'Atlassian MCP' with transport 'stdio'
INFO - mcp-atlassian.server.main - Main Atlassian MCP server lifespan starting...
INFO - mcp-atlassian.utils.environment - Using Jira Cloud Basic Authentication (API Token)
INFO - mcp-atlassian.utils.environment - Confluence is not configured or required environment variables are missing.
INFO - mcp-atlassian.server.main - Jira configuration loaded and authentication is configured.
INFO - mcp-atlassian.server.main - Read-only mode: DISABLED
INFO - mcp-atlassian.server.main - Enabled tools filter: All tools enabled
INFO:     Started server process [26640]
INFO:     Waiting for application startup.
INFO:     Application startup complete.
WARNING:  StatReload detected changes in 'converse_style_orchestrator.py'. Reloading...
INFO:     Shutting down
INFO:     Waiting for application shutdown.
INFO:     Application shutdown complete.
INFO:     Finished server process [26640]
2025-09-12T13:15:57.460661Z  INFO rmcp::service: input stream terminated
2025-09-12T13:15:57.460715Z  INFO rmcp::service: serve finished quit_reason=Closed
INFO - mcp-atlassian.server.main - Main Atlassian MCP server lifespan shutting down...
INFO - mcp-atlassian.server.main - Main Atlassian MCP server lifespan shutdown complete.
INFO - mcp-atlassian.utils.lifecycle - Server stopped, flushing output streams...
2025-09-12T13:15:58.281928Z  INFO elasticsearch_core_mcp_server: Starting MCP server
2025-09-12T13:15:58.291306Z  INFO rmcp::handler::server: client initialized
2025-09-12T13:15:58.291316Z  INFO serve_inner: rmcp::service: Service initialized as server peer_info=Some(InitializeRequestParam { protocol_version: ProtocolVersion("0.1"), capabilities: ClientCapabilities { experimental: None, roots: None, sampling: None }, client_info: Implementation { name: "es-mcp-client", version: "1.0.0" } })
{"timestamp":"2025-09-12T13:15:58.432Z","level":"info","message":"Using Metabase API Key for authentication."}
INFO: Using Metabase API Key for authentication.
{"timestamp":"2025-09-12T13:15:58.433Z","level":"info","message":"Starting Metabase MCP server..."}
INFO: Starting Metabase MCP server...
{"timestamp":"2025-09-12T13:15:58.433Z","level":"info","message":"Metabase MCP server running on stdio"}
INFO: Metabase MCP server running on stdio
INFO - mcp-atlassian.server.main - Added /healthz endpoint for Kubernetes probes
INFO - mcp-atlassian - Starting server with STDIO transport.
[09/12/25 13:15:59] INFO     Starting MCP server 'Atlassian MCP'   server.py:734
                             with transport 'stdio'                             
INFO - FastMCP.fastmcp.server.server - Starting MCP server 'Atlassian MCP' with transport 'stdio'
INFO - mcp-atlassian.server.main - Main Atlassian MCP server lifespan starting...
INFO - mcp-atlassian.utils.environment - Using Jira Cloud Basic Authentication (API Token)
INFO - mcp-atlassian.utils.environment - Confluence is not configured or required environment variables are missing.
INFO - mcp-atlassian.server.main - Jira configuration loaded and authentication is configured.
INFO - mcp-atlassian.server.main - Read-only mode: DISABLED
INFO - mcp-atlassian.server.main - Enabled tools filter: All tools enabled
INFO:     Started server process [26659]
INFO:     Waiting for application startup.
INFO:     Application startup complete.
WARNING:  StatReload detected changes in 'converse_style_orchestrator.py'. Reloading...
INFO:     Shutting down
INFO:     Waiting for application shutdown.
INFO:     Application shutdown complete.
INFO:     Finished server process [26659]
INFO - mcp-atlassian.server.main - Main Atlassian MCP server lifespan shutting down...
INFO - mcp-atlassian.server.main - Main Atlassian MCP server lifespan shutdown complete.
2025-09-12T13:16:03.245021Z  INFO rmcp::service: input stream terminated
2025-09-12T13:16:03.245033Z  INFO rmcp::service: serve finished quit_reason=Closed
INFO - mcp-atlassian.utils.lifecycle - Server stopped, flushing output streams...
{"timestamp":"2025-09-12T13:16:04.009Z","level":"info","message":"Using Metabase API Key for authentication."}
INFO: Using Metabase API Key for authentication.
{"timestamp":"2025-09-12T13:16:04.010Z","level":"info","message":"Starting Metabase MCP server..."}
INFO: Starting Metabase MCP server...
{"timestamp":"2025-09-12T13:16:04.011Z","level":"info","message":"Metabase MCP server running on stdio"}
INFO: Metabase MCP server running on stdio
2025-09-12T13:16:04.130793Z  INFO elasticsearch_core_mcp_server: Starting MCP server
2025-09-12T13:16:04.140406Z  INFO rmcp::handler::server: client initialized
2025-09-12T13:16:04.140420Z  INFO serve_inner: rmcp::service: Service initialized as server peer_info=Some(InitializeRequestParam { protocol_version: ProtocolVersion("0.1"), capabilities: ClientCapabilities { experimental: None, roots: None, sampling: None }, client_info: Implementation { name: "es-mcp-client", version: "1.0.0" } })
INFO - mcp-atlassian.server.main - Added /healthz endpoint for Kubernetes probes
INFO - mcp-atlassian - Starting server with STDIO transport.
[09/12/25 13:16:05] INFO     Starting MCP server 'Atlassian MCP'   server.py:734
                             with transport 'stdio'                             
INFO - FastMCP.fastmcp.server.server - Starting MCP server 'Atlassian MCP' with transport 'stdio'
INFO - mcp-atlassian.server.main - Main Atlassian MCP server lifespan starting...
INFO - mcp-atlassian.utils.environment - Using Jira Cloud Basic Authentication (API Token)
INFO - mcp-atlassian.utils.environment - Confluence is not configured or required environment variables are missing.
INFO - mcp-atlassian.server.main - Jira configuration loaded and authentication is configured.
INFO - mcp-atlassian.server.main - Read-only mode: DISABLED
INFO - mcp-atlassian.server.main - Enabled tools filter: All tools enabled
INFO:     Started server process [26672]
INFO:     Waiting for application startup.
INFO:     Application startup complete.
WARNING:  StatReload detected changes in 'converse_style_orchestrator.py'. Reloading...
INFO:     Shutting down
INFO:     Waiting for application shutdown.
INFO:     Application shutdown complete.
INFO:     Finished server process [26672]
2025-09-12T13:17:10.938403Z  INFO rmcp::service: input stream terminated
2025-09-12T13:17:10.938449Z  INFO rmcp::service: serve finished quit_reason=Closed
INFO - mcp-atlassian.server.main - Main Atlassian MCP server lifespan shutting down...
INFO - mcp-atlassian.server.main - Main Atlassian MCP server lifespan shutdown complete.
INFO - mcp-atlassian.utils.lifecycle - Server stopped, flushing output streams...
2025-09-12T13:17:11.733290Z  INFO elasticsearch_core_mcp_server: Starting MCP server
2025-09-12T13:17:11.746053Z  INFO rmcp::handler::server: client initialized
2025-09-12T13:17:11.746112Z  INFO serve_inner: rmcp::service: Service initialized as server peer_info=Some(InitializeRequestParam { protocol_version: ProtocolVersion("0.1"), capabilities: ClientCapabilities { experimental: None, roots: None, sampling: None }, client_info: Implementation { name: "es-mcp-client", version: "1.0.0" } })
WARNING:  StatReload detected changes in 'converse_style_orchestrator.py'. Reloading...
2025-09-12T13:17:11.832523Z  INFO rmcp::service: input stream terminated
2025-09-12T13:17:11.832575Z  INFO rmcp::service: serve finished quit_reason=Closed
{"timestamp":"2025-09-12T13:17:11.861Z","level":"info","message":"Using Metabase API Key for authentication."}
INFO: Using Metabase API Key for authentication.
{"timestamp":"2025-09-12T13:17:11.861Z","level":"info","message":"Starting Metabase MCP server..."}
INFO: Starting Metabase MCP server...
{"timestamp":"2025-09-12T13:17:11.862Z","level":"info","message":"Metabase MCP server running on stdio"}
INFO: Metabase MCP server running on stdio
{"timestamp":"2025-09-12T13:17:12.486Z","level":"info","message":"Using Metabase API Key for authentication."}
INFO: Using Metabase API Key for authentication.
{"timestamp":"2025-09-12T13:17:12.487Z","level":"info","message":"Starting Metabase MCP server..."}
INFO: Starting Metabase MCP server...
{"timestamp":"2025-09-12T13:17:12.488Z","level":"info","message":"Metabase MCP server running on stdio"}
INFO: Metabase MCP server running on stdio
2025-09-12T13:17:12.520516Z  INFO elasticsearch_core_mcp_server: Starting MCP server
2025-09-12T13:17:12.529789Z  INFO rmcp::handler::server: client initialized
2025-09-12T13:17:12.529800Z  INFO serve_inner: rmcp::service: Service initialized as server peer_info=Some(InitializeRequestParam { protocol_version: ProtocolVersion("0.1"), capabilities: ClientCapabilities { experimental: None, roots: None, sampling: None }, client_info: Implementation { name: "es-mcp-client", version: "1.0.0" } })
INFO - mcp-atlassian.server.main - Added /healthz endpoint for Kubernetes probes
INFO - mcp-atlassian - Starting server with STDIO transport.
[09/12/25 13:17:13] INFO     Starting MCP server 'Atlassian MCP'   server.py:734
                             with transport 'stdio'                             
INFO - FastMCP.fastmcp.server.server - Starting MCP server 'Atlassian MCP' with transport 'stdio'
INFO - mcp-atlassian.server.main - Main Atlassian MCP server lifespan starting...
INFO - mcp-atlassian.utils.environment - Using Jira Cloud Basic Authentication (API Token)
INFO - mcp-atlassian.utils.environment - Confluence is not configured or required environment variables are missing.
INFO - mcp-atlassian.server.main - Jira configuration loaded and authentication is configured.
INFO - mcp-atlassian.server.main - Read-only mode: DISABLED
INFO - mcp-atlassian.server.main - Enabled tools filter: All tools enabled
INFO - mcp-atlassian.server.main - Main Atlassian MCP server lifespan shutting down...
INFO - mcp-atlassian.server.main - Main Atlassian MCP server lifespan shutdown complete.
INFO - mcp-atlassian.utils.lifecycle - Server stopped, flushing output streams...
INFO - mcp-atlassian.server.main - Added /healthz endpoint for Kubernetes probes
INFO - mcp-atlassian - Starting server with STDIO transport.
[09/12/25 13:17:14] INFO     Starting MCP server 'Atlassian MCP'   server.py:734
                             with transport 'stdio'                             
INFO - FastMCP.fastmcp.server.server - Starting MCP server 'Atlassian MCP' with transport 'stdio'
INFO - mcp-atlassian.server.main - Main Atlassian MCP server lifespan starting...
INFO - mcp-atlassian.utils.environment - Using Jira Cloud Basic Authentication (API Token)
INFO - mcp-atlassian.utils.environment - Confluence is not configured or required environment variables are missing.
INFO - mcp-atlassian.server.main - Jira configuration loaded and authentication is configured.
INFO - mcp-atlassian.server.main - Read-only mode: DISABLED
INFO - mcp-atlassian.server.main - Enabled tools filter: All tools enabled
INFO:     Started server process [26747]
INFO:     Waiting for application startup.
INFO:     Application startup complete.
WARNING:  StatReload detected changes in 'converse_style_orchestrator.py'. Reloading...
INFO:     Shutting down
INFO:     Waiting for application shutdown.
INFO:     Application shutdown complete.
INFO:     Finished server process [26747]
INFO - mcp-atlassian.server.main - Main Atlassian MCP server lifespan shutting down...
INFO - mcp-atlassian.server.main - Main Atlassian MCP server lifespan shutdown complete.
INFO - mcp-atlassian.utils.lifecycle - Server stopped, flushing output streams...
2025-09-12T13:17:34.152177Z  INFO rmcp::service: input stream terminated
2025-09-12T13:17:34.152224Z  INFO rmcp::service: serve finished quit_reason=Closed
2025-09-12T13:17:35.025473Z  INFO elasticsearch_core_mcp_server: Starting MCP server
2025-09-12T13:17:35.039121Z  INFO rmcp::handler::server: client initialized
2025-09-12T13:17:35.039135Z  INFO serve_inner: rmcp::service: Service initialized as server peer_info=Some(InitializeRequestParam { protocol_version: ProtocolVersion("0.1"), capabilities: ClientCapabilities { experimental: None, roots: None, sampling: None }, client_info: Implementation { name: "es-mcp-client", version: "1.0.0" } })
WARNING:  StatReload detected changes in 'converse_style_orchestrator.py'. Reloading...
2025-09-12T13:17:35.051970Z  INFO rmcp::service: input stream terminated
2025-09-12T13:17:35.051982Z  INFO rmcp::service: serve finished quit_reason=Closed
{"timestamp":"2025-09-12T13:17:35.134Z","level":"info","message":"Using Metabase API Key for authentication."}
INFO: Using Metabase API Key for authentication.
{"timestamp":"2025-09-12T13:17:35.135Z","level":"info","message":"Starting Metabase MCP server..."}
INFO: Starting Metabase MCP server...
{"timestamp":"2025-09-12T13:17:35.135Z","level":"info","message":"Metabase MCP server running on stdio"}
INFO: Metabase MCP server running on stdio
2025-09-12T13:17:35.663491Z  INFO elasticsearch_core_mcp_server: Starting MCP server
2025-09-12T13:17:35.686896Z  INFO rmcp::handler::server: client initialized
2025-09-12T13:17:35.686914Z  INFO serve_inner: rmcp::service: Service initialized as server peer_info=Some(InitializeRequestParam { protocol_version: ProtocolVersion("0.1"), capabilities: ClientCapabilities { experimental: None, roots: None, sampling: None }, client_info: Implementation { name: "es-mcp-client", version: "1.0.0" } })
{"timestamp":"2025-09-12T13:17:35.897Z","level":"info","message":"Using Metabase API Key for authentication."}
INFO: Using Metabase API Key for authentication.
{"timestamp":"2025-09-12T13:17:35.898Z","level":"info","message":"Starting Metabase MCP server..."}
INFO: Starting Metabase MCP server...
{"timestamp":"2025-09-12T13:17:35.898Z","level":"info","message":"Metabase MCP server running on stdio"}
INFO: Metabase MCP server running on stdio
WARNING:  StatReload detected changes in 'converse_style_orchestrator.py'. Reloading...
2025-09-12T13:17:35.954634Z  INFO rmcp::service: input stream terminated
2025-09-12T13:17:35.954737Z  INFO rmcp::service: serve finished quit_reason=Closed
2025-09-12T13:17:36.798399Z  INFO elasticsearch_core_mcp_server: Starting MCP server
2025-09-12T13:17:36.826986Z  INFO rmcp::handler::server: client initialized
2025-09-12T13:17:36.827004Z  INFO serve_inner: rmcp::service: Service initialized as server peer_info=Some(InitializeRequestParam { protocol_version: ProtocolVersion("0.1"), capabilities: ClientCapabilities { experimental: None, roots: None, sampling: None }, client_info: Implementation { name: "es-mcp-client", version: "1.0.0" } })
WARNING:  StatReload detected changes in 'converse_style_orchestrator.py'. Reloading...
2025-09-12T13:17:36.834801Z  INFO rmcp::service: input stream terminated
2025-09-12T13:17:36.834813Z  INFO rmcp::service: serve finished quit_reason=Closed
{"timestamp":"2025-09-12T13:17:37.063Z","level":"info","message":"Using Metabase API Key for authentication."}
INFO: Using Metabase API Key for authentication.
{"timestamp":"2025-09-12T13:17:37.065Z","level":"info","message":"Starting Metabase MCP server..."}
INFO: Starting Metabase MCP server...
{"timestamp":"2025-09-12T13:17:37.066Z","level":"info","message":"Metabase MCP server running on stdio"}
INFO: Metabase MCP server running on stdio
INFO - mcp-atlassian.server.main - Added /healthz endpoint for Kubernetes probes
INFO - mcp-atlassian - Starting server with STDIO transport.
[09/12/25 13:17:37] INFO     Starting MCP server 'Atlassian MCP'   server.py:734
                             with transport 'stdio'                             
INFO - FastMCP.fastmcp.server.server - Starting MCP server 'Atlassian MCP' with transport 'stdio'
INFO - mcp-atlassian.server.main - Main Atlassian MCP server lifespan starting...
INFO - mcp-atlassian.utils.environment - Using Jira Cloud Basic Authentication (API Token)
INFO - mcp-atlassian.utils.environment - Confluence is not configured or required environment variables are missing.
INFO - mcp-atlassian.server.main - Jira configuration loaded and authentication is configured.
INFO - mcp-atlassian.server.main - Read-only mode: DISABLED
INFO - mcp-atlassian.server.main - Enabled tools filter: All tools enabled
INFO - mcp-atlassian.server.main - Main Atlassian MCP server lifespan shutting down...
INFO - mcp-atlassian.server.main - Main Atlassian MCP server lifespan shutdown complete.
INFO - mcp-atlassian.utils.lifecycle - Server stopped, flushing output streams...
WARNING:  StatReload detected changes in 'converse_style_orchestrator.py'. Reloading...
2025-09-12T13:17:37.736616Z  INFO elasticsearch_core_mcp_server: Starting MCP server
write /dev/stdout: broken pipe
INFO - mcp-atlassian.server.main - Added /healthz endpoint for Kubernetes probes
INFO - mcp-atlassian - Starting server with STDIO transport.
[09/12/25 13:17:37] INFO     Starting MCP server 'Atlassian MCP'   server.py:734
                             with transport 'stdio'                             
INFO - FastMCP.fastmcp.server.server - Starting MCP server 'Atlassian MCP' with transport 'stdio'
INFO - mcp-atlassian.server.main - Main Atlassian MCP server lifespan starting...
INFO - mcp-atlassian.utils.environment - Using Jira Cloud Basic Authentication (API Token)
INFO - mcp-atlassian.utils.environment - Confluence is not configured or required environment variables are missing.
INFO - mcp-atlassian.server.main - Jira configuration loaded and authentication is configured.
INFO - mcp-atlassian.server.main - Read-only mode: DISABLED
INFO - mcp-atlassian.server.main - Enabled tools filter: All tools enabled
INFO - mcp-atlassian.server.main - Main Atlassian MCP server lifespan shutting down...
INFO - mcp-atlassian.server.main - Main Atlassian MCP server lifespan shutdown complete.
INFO - mcp-atlassian.utils.lifecycle - Server stopped, flushing output streams...
{"timestamp":"2025-09-12T13:17:38.053Z","level":"info","message":"Using Metabase API Key for authentication."}
INFO: Using Metabase API Key for authentication.
{"timestamp":"2025-09-12T13:17:38.056Z","level":"info","message":"Starting Metabase MCP server..."}
INFO: Starting Metabase MCP server...
{"timestamp":"2025-09-12T13:17:38.057Z","level":"info","message":"Metabase MCP server running on stdio"}
INFO: Metabase MCP server running on stdio
WARNING:  StatReload detected changes in 'converse_style_orchestrator.py'. Reloading...
2025-09-12T13:17:38.653212Z  INFO elasticsearch_core_mcp_server: Starting MCP server
write /dev/stdout: broken pipe
{"timestamp":"2025-09-12T13:17:38.781Z","level":"info","message":"Using Metabase API Key for authentication."}
INFO: Using Metabase API Key for authentication.
{"timestamp":"2025-09-12T13:17:38.781Z","level":"info","message":"Starting Metabase MCP server..."}
INFO: Starting Metabase MCP server...
{"timestamp":"2025-09-12T13:17:38.782Z","level":"info","message":"Metabase MCP server running on stdio"}
INFO: Metabase MCP server running on stdio
INFO - mcp-atlassian.server.main - Added /healthz endpoint for Kubernetes probes
INFO - mcp-atlassian - Starting server with STDIO transport.
[09/12/25 13:17:39] INFO     Starting MCP server 'Atlassian MCP'   server.py:734
                             with transport 'stdio'                             
INFO - FastMCP.fastmcp.server.server - Starting MCP server 'Atlassian MCP' with transport 'stdio'
INFO - mcp-atlassian.server.main - Main Atlassian MCP server lifespan starting...
INFO - mcp-atlassian.utils.environment - Using Jira Cloud Basic Authentication (API Token)
INFO - mcp-atlassian.utils.environment - Confluence is not configured or required environment variables are missing.
INFO - mcp-atlassian.server.main - Jira configuration loaded and authentication is configured.
INFO - mcp-atlassian.server.main - Read-only mode: DISABLED
INFO - mcp-atlassian.server.main - Enabled tools filter: All tools enabled
INFO - mcp-atlassian.server.main - Main Atlassian MCP server lifespan shutting down...
INFO - mcp-atlassian.server.main - Main Atlassian MCP server lifespan shutdown complete.
INFO - mcp-atlassian.utils.lifecycle - Server stopped, flushing output streams...
2025-09-12T13:17:39.462745Z  INFO elasticsearch_core_mcp_server: Starting MCP server
2025-09-12T13:17:39.472657Z  INFO rmcp::handler::server: client initialized
2025-09-12T13:17:39.472684Z  INFO serve_inner: rmcp::service: Service initialized as server peer_info=Some(InitializeRequestParam { protocol_version: ProtocolVersion("0.1"), capabilities: ClientCapabilities { experimental: None, roots: None, sampling: None }, client_info: Implementation { name: "es-mcp-client", version: "1.0.0" } })
{"timestamp":"2025-09-12T13:17:39.547Z","level":"info","message":"Using Metabase API Key for authentication."}
INFO: Using Metabase API Key for authentication.
{"timestamp":"2025-09-12T13:17:39.548Z","level":"info","message":"Starting Metabase MCP server..."}
INFO: Starting Metabase MCP server...
{"timestamp":"2025-09-12T13:17:39.548Z","level":"info","message":"Metabase MCP server running on stdio"}
INFO: Metabase MCP server running on stdio
INFO - mcp-atlassian.server.main - Added /healthz endpoint for Kubernetes probes
INFO - mcp-atlassian - Starting server with STDIO transport.
[09/12/25 13:17:41] INFO     Starting MCP server 'Atlassian MCP'   server.py:734
                             with transport 'stdio'                             
INFO - FastMCP.fastmcp.server.server - Starting MCP server 'Atlassian MCP' with transport 'stdio'
INFO - mcp-atlassian.server.main - Main Atlassian MCP server lifespan starting...
INFO - mcp-atlassian.utils.environment - Using Jira Cloud Basic Authentication (API Token)
INFO - mcp-atlassian.utils.environment - Confluence is not configured or required environment variables are missing.
INFO - mcp-atlassian.server.main - Jira configuration loaded and authentication is configured.
INFO - mcp-atlassian.server.main - Read-only mode: DISABLED
INFO - mcp-atlassian.server.main - Enabled tools filter: All tools enabled
INFO:     Started server process [26783]
INFO:     Waiting for application startup.
INFO:     Application startup complete.
WARNING:  StatReload detected changes in 'converse_style_orchestrator.py'. Reloading...
INFO:     Shutting down
INFO:     Waiting for application shutdown.
INFO:     Application shutdown complete.
INFO:     Finished server process [26783]
2025-09-12T13:18:54.741488Z  INFO rmcp::service: input stream terminated
2025-09-12T13:18:54.741563Z  INFO rmcp::service: serve finished quit_reason=Closed
INFO - mcp-atlassian.server.main - Main Atlassian MCP server lifespan shutting down...
INFO - mcp-atlassian.server.main - Main Atlassian MCP server lifespan shutdown complete.
INFO - mcp-atlassian.utils.lifecycle - Server stopped, flushing output streams...
Traceback (most recent call last):
  File "<string>", line 1, in <module>
    from multiprocessing.spawn import spawn_main; spawn_main(tracker_fd=15, pipe_handle=17)
                                                  ~~~~~~~~~~^^^^^^^^^^^^^^^^^^^^^^^^^^^^^^^
  File "/Users/omkaram/homebrew/Cellar/python@3.13/3.13.7/Frameworks/Python.framework/Versions/3.13/lib/python3.13/multiprocessing/spawn.py", line 122, in spawn_main
    exitcode = _main(fd, parent_sentinel)
  File "/Users/omkaram/homebrew/Cellar/python@3.13/3.13.7/Frameworks/Python.framework/Versions/3.13/lib/python3.13/multiprocessing/spawn.py", line 131, in _main
    prepare(preparation_data)
    ~~~~~~~^^^^^^^^^^^^^^^^^^
  File "/Users/omkaram/homebrew/Cellar/python@3.13/3.13.7/Frameworks/Python.framework/Versions/3.13/lib/python3.13/multiprocessing/spawn.py", line 246, in prepare
    _fixup_main_from_path(data['init_main_from_path'])
    ~~~~~~~~~~~~~~~~~~~~~^^^^^^^^^^^^^^^^^^^^^^^^^^^^^
  File "/Users/omkaram/homebrew/Cellar/python@3.13/3.13.7/Frameworks/Python.framework/Versions/3.13/lib/python3.13/multiprocessing/spawn.py", line 297, in _fixup_main_from_path
    main_content = runpy.run_path(main_path,
                                  run_name="__mp_main__")
  File "<frozen runpy>", line 287, in run_path
  File "<frozen runpy>", line 98, in _run_module_code
  File "<frozen runpy>", line 88, in _run_code
  File "/Users/omkaram/Desktop/zeta_repos/github_repos/zeta-hacks-oms/server/app.py", line 9, in <module>
    from converse_style_orchestrator import process
  File "/Users/omkaram/Desktop/zeta_repos/github_repos/zeta-hacks-oms/converse_style_orchestrator.py", line 121
    execution = store.get(key=key)
    ^^^^^^^^^
IndentationError: expected an indented block after 'else' statement on line 118
WARNING:  StatReload detected changes in 'converse_style_orchestrator.py'. Reloading...
Traceback (most recent call last):
  File "<string>", line 1, in <module>
    from multiprocessing.spawn import spawn_main; spawn_main(tracker_fd=15, pipe_handle=17)
                                                  ~~~~~~~~~~^^^^^^^^^^^^^^^^^^^^^^^^^^^^^^^
  File "/Users/omkaram/homebrew/Cellar/python@3.13/3.13.7/Frameworks/Python.framework/Versions/3.13/lib/python3.13/multiprocessing/spawn.py", line 122, in spawn_main
    exitcode = _main(fd, parent_sentinel)
  File "/Users/omkaram/homebrew/Cellar/python@3.13/3.13.7/Frameworks/Python.framework/Versions/3.13/lib/python3.13/multiprocessing/spawn.py", line 131, in _main
    prepare(preparation_data)
    ~~~~~~~^^^^^^^^^^^^^^^^^^
  File "/Users/omkaram/homebrew/Cellar/python@3.13/3.13.7/Frameworks/Python.framework/Versions/3.13/lib/python3.13/multiprocessing/spawn.py", line 246, in prepare
    _fixup_main_from_path(data['init_main_from_path'])
    ~~~~~~~~~~~~~~~~~~~~~^^^^^^^^^^^^^^^^^^^^^^^^^^^^^
  File "/Users/omkaram/homebrew/Cellar/python@3.13/3.13.7/Frameworks/Python.framework/Versions/3.13/lib/python3.13/multiprocessing/spawn.py", line 297, in _fixup_main_from_path
    main_content = runpy.run_path(main_path,
                                  run_name="__mp_main__")
  File "<frozen runpy>", line 287, in run_path
  File "<frozen runpy>", line 98, in _run_module_code
  File "<frozen runpy>", line 88, in _run_code
  File "/Users/omkaram/Desktop/zeta_repos/github_repos/zeta-hacks-oms/server/app.py", line 9, in <module>
    from converse_style_orchestrator import process
  File "/Users/omkaram/Desktop/zeta_repos/github_repos/zeta-hacks-oms/converse_style_orchestrator.py", line 121
    execution = store.get(key=key)
    ^^^^^^^^^
IndentationError: expected an indented block after 'else' statement on line 118
WARNING:  StatReload detected changes in 'converse_style_orchestrator.py'. Reloading...
Traceback (most recent call last):
  File "<string>", line 1, in <module>
    from multiprocessing.spawn import spawn_main; spawn_main(tracker_fd=15, pipe_handle=17)
                                                  ~~~~~~~~~~^^^^^^^^^^^^^^^^^^^^^^^^^^^^^^^
  File "/Users/omkaram/homebrew/Cellar/python@3.13/3.13.7/Frameworks/Python.framework/Versions/3.13/lib/python3.13/multiprocessing/spawn.py", line 122, in spawn_main
    exitcode = _main(fd, parent_sentinel)
  File "/Users/omkaram/homebrew/Cellar/python@3.13/3.13.7/Frameworks/Python.framework/Versions/3.13/lib/python3.13/multiprocessing/spawn.py", line 131, in _main
    prepare(preparation_data)
    ~~~~~~~^^^^^^^^^^^^^^^^^^
  File "/Users/omkaram/homebrew/Cellar/python@3.13/3.13.7/Frameworks/Python.framework/Versions/3.13/lib/python3.13/multiprocessing/spawn.py", line 246, in prepare
    _fixup_main_from_path(data['init_main_from_path'])
    ~~~~~~~~~~~~~~~~~~~~~^^^^^^^^^^^^^^^^^^^^^^^^^^^^^
  File "/Users/omkaram/homebrew/Cellar/python@3.13/3.13.7/Frameworks/Python.framework/Versions/3.13/lib/python3.13/multiprocessing/spawn.py", line 297, in _fixup_main_from_path
    main_content = runpy.run_path(main_path,
                                  run_name="__mp_main__")
  File "<frozen runpy>", line 287, in run_path
  File "<frozen runpy>", line 98, in _run_module_code
  File "<frozen runpy>", line 88, in _run_code
  File "/Users/omkaram/Desktop/zeta_repos/github_repos/zeta-hacks-oms/server/app.py", line 9, in <module>
    from converse_style_orchestrator import process
  File "/Users/omkaram/Desktop/zeta_repos/github_repos/zeta-hacks-oms/converse_style_orchestrator.py", line 121
    execution = store.get(key=key)
    ^^^^^^^^^
IndentationError: expected an indented block after 'else' statement on line 118
WARNING:  StatReload detected changes in 'converse_style_orchestrator.py'. Reloading...
Traceback (most recent call last):
  File "<string>", line 1, in <module>
    from multiprocessing.spawn import spawn_main; spawn_main(tracker_fd=15, pipe_handle=17)
                                                  ~~~~~~~~~~^^^^^^^^^^^^^^^^^^^^^^^^^^^^^^^
  File "/Users/omkaram/homebrew/Cellar/python@3.13/3.13.7/Frameworks/Python.framework/Versions/3.13/lib/python3.13/multiprocessing/spawn.py", line 122, in spawn_main
    exitcode = _main(fd, parent_sentinel)
  File "/Users/omkaram/homebrew/Cellar/python@3.13/3.13.7/Frameworks/Python.framework/Versions/3.13/lib/python3.13/multiprocessing/spawn.py", line 131, in _main
    prepare(preparation_data)
    ~~~~~~~^^^^^^^^^^^^^^^^^^
  File "/Users/omkaram/homebrew/Cellar/python@3.13/3.13.7/Frameworks/Python.framework/Versions/3.13/lib/python3.13/multiprocessing/spawn.py", line 246, in prepare
    _fixup_main_from_path(data['init_main_from_path'])
    ~~~~~~~~~~~~~~~~~~~~~^^^^^^^^^^^^^^^^^^^^^^^^^^^^^
  File "/Users/omkaram/homebrew/Cellar/python@3.13/3.13.7/Frameworks/Python.framework/Versions/3.13/lib/python3.13/multiprocessing/spawn.py", line 297, in _fixup_main_from_path
    main_content = runpy.run_path(main_path,
                                  run_name="__mp_main__")
  File "<frozen runpy>", line 287, in run_path
  File "<frozen runpy>", line 98, in _run_module_code
  File "<frozen runpy>", line 88, in _run_code
  File "/Users/omkaram/Desktop/zeta_repos/github_repos/zeta-hacks-oms/server/app.py", line 9, in <module>
    from converse_style_orchestrator import process
  File "/Users/omkaram/Desktop/zeta_repos/github_repos/zeta-hacks-oms/converse_style_orchestrator.py", line 121
    execution = store.get(key=key)
    ^^^^^^^^^
IndentationError: expected an indented block after 'else' statement on line 118
WARNING:  StatReload detected changes in 'converse_style_orchestrator.py'. Reloading...
2025-09-12T13:20:50.287460Z  INFO elasticsearch_core_mcp_server: Starting MCP server
2025-09-12T13:20:50.299684Z  INFO rmcp::handler::server: client initialized
2025-09-12T13:20:50.299740Z  INFO serve_inner: rmcp::service: Service initialized as server peer_info=Some(InitializeRequestParam { protocol_version: ProtocolVersion("0.1"), capabilities: ClientCapabilities { experimental: None, roots: None, sampling: None }, client_info: Implementation { name: "es-mcp-client", version: "1.0.0" } })
{"timestamp":"2025-09-12T13:20:50.326Z","level":"info","message":"Using Metabase API Key for authentication."}
INFO: Using Metabase API Key for authentication.
{"timestamp":"2025-09-12T13:20:50.327Z","level":"info","message":"Starting Metabase MCP server..."}
INFO: Starting Metabase MCP server...
{"timestamp":"2025-09-12T13:20:50.327Z","level":"info","message":"Metabase MCP server running on stdio"}
INFO: Metabase MCP server running on stdio
WARNING:  StatReload detected changes in 'converse_style_orchestrator.py'. Reloading...
2025-09-12T13:20:50.445844Z  INFO rmcp::service: input stream terminated
2025-09-12T13:20:50.445858Z  INFO rmcp::service: serve finished quit_reason=Closed
2025-09-12T13:20:51.108616Z  INFO elasticsearch_core_mcp_server: Starting MCP server
{"timestamp":"2025-09-12T13:20:51.120Z","level":"info","message":"Using Metabase API Key for authentication."}
INFO: Using Metabase API Key for authentication.
{"timestamp":"2025-09-12T13:20:51.121Z","level":"info","message":"Starting Metabase MCP server..."}
INFO: Starting Metabase MCP server...
{"timestamp":"2025-09-12T13:20:51.122Z","level":"info","message":"Metabase MCP server running on stdio"}
INFO: Metabase MCP server running on stdio
2025-09-12T13:20:51.137433Z  INFO rmcp::handler::server: client initialized
2025-09-12T13:20:51.137448Z  INFO serve_inner: rmcp::service: Service initialized as server peer_info=Some(InitializeRequestParam { protocol_version: ProtocolVersion("0.1"), capabilities: ClientCapabilities { experimental: None, roots: None, sampling: None }, client_info: Implementation { name: "es-mcp-client", version: "1.0.0" } })
INFO - mcp-atlassian.server.main - Added /healthz endpoint for Kubernetes probes
INFO - mcp-atlassian - Starting server with STDIO transport.
[09/12/25 13:20:52] INFO     Starting MCP server 'Atlassian MCP'   server.py:734
                             with transport 'stdio'                             
INFO - FastMCP.fastmcp.server.server - Starting MCP server 'Atlassian MCP' with transport 'stdio'
INFO - mcp-atlassian.server.main - Main Atlassian MCP server lifespan starting...
INFO - mcp-atlassian.utils.environment - Using Jira Cloud Basic Authentication (API Token)
INFO - mcp-atlassian.utils.environment - Confluence is not configured or required environment variables are missing.
INFO - mcp-atlassian.server.main - Jira configuration loaded and authentication is configured.
INFO - mcp-atlassian.server.main - Read-only mode: DISABLED
INFO - mcp-atlassian.server.main - Enabled tools filter: All tools enabled
INFO - mcp-atlassian.server.main - Main Atlassian MCP server lifespan shutting down...
INFO - mcp-atlassian.server.main - Main Atlassian MCP server lifespan shutdown complete.
INFO - mcp-atlassian.utils.lifecycle - Server stopped, flushing output streams...
INFO - mcp-atlassian.server.main - Added /healthz endpoint for Kubernetes probes
INFO - mcp-atlassian - Starting server with STDIO transport.
[09/12/25 13:20:52] INFO     Starting MCP server 'Atlassian MCP'   server.py:734
                             with transport 'stdio'                             
INFO - FastMCP.fastmcp.server.server - Starting MCP server 'Atlassian MCP' with transport 'stdio'
INFO - mcp-atlassian.server.main - Main Atlassian MCP server lifespan starting...
INFO - mcp-atlassian.utils.environment - Using Jira Cloud Basic Authentication (API Token)
INFO - mcp-atlassian.utils.environment - Confluence is not configured or required environment variables are missing.
INFO - mcp-atlassian.server.main - Jira configuration loaded and authentication is configured.
INFO - mcp-atlassian.server.main - Read-only mode: DISABLED
INFO - mcp-atlassian.server.main - Enabled tools filter: All tools enabled
INFO:     Started server process [26947]
INFO:     Waiting for application startup.
INFO:     Application startup complete.
WARNING:  StatReload detected changes in 'converse_style_orchestrator.py'. Reloading...
INFO:     Shutting down
INFO:     Waiting for application shutdown.
INFO:     Application shutdown complete.
INFO:     Finished server process [26947]
2025-09-12T13:21:39.717278Z  INFO rmcp::service: input stream terminated
2025-09-12T13:21:39.717331Z  INFO rmcp::service: serve finished quit_reason=Closed
INFO - mcp-atlassian.server.main - Main Atlassian MCP server lifespan shutting down...
INFO - mcp-atlassian.server.main - Main Atlassian MCP server lifespan shutdown complete.
INFO - mcp-atlassian.utils.lifecycle - Server stopped, flushing output streams...
2025-09-12T13:21:40.570260Z  INFO elasticsearch_core_mcp_server: Starting MCP server
2025-09-12T13:21:40.580660Z  INFO rmcp::handler::server: client initialized
2025-09-12T13:21:40.580720Z  INFO serve_inner: rmcp::service: Service initialized as server peer_info=Some(InitializeRequestParam { protocol_version: ProtocolVersion("0.1"), capabilities: ClientCapabilities { experimental: None, roots: None, sampling: None }, client_info: Implementation { name: "es-mcp-client", version: "1.0.0" } })
WARNING:  StatReload detected changes in 'converse_style_orchestrator.py'. Reloading...
2025-09-12T13:21:40.673365Z  INFO rmcp::service: input stream terminated
2025-09-12T13:21:40.673430Z  INFO rmcp::service: serve finished quit_reason=Closed
{"timestamp":"2025-09-12T13:21:40.677Z","level":"info","message":"Using Metabase API Key for authentication."}
INFO: Using Metabase API Key for authentication.
{"timestamp":"2025-09-12T13:21:40.678Z","level":"info","message":"Starting Metabase MCP server..."}
INFO: Starting Metabase MCP server...
{"timestamp":"2025-09-12T13:21:40.679Z","level":"info","message":"Metabase MCP server running on stdio"}
INFO: Metabase MCP server running on stdio
2025-09-12T13:21:41.388940Z  INFO elasticsearch_core_mcp_server: Starting MCP server
2025-09-12T13:21:41.416947Z  INFO rmcp::handler::server: client initialized
2025-09-12T13:21:41.417041Z  INFO serve_inner: rmcp::service: Service initialized as server peer_info=Some(InitializeRequestParam { protocol_version: ProtocolVersion("0.1"), capabilities: ClientCapabilities { experimental: None, roots: None, sampling: None }, client_info: Implementation { name: "es-mcp-client", version: "1.0.0" } })
{"timestamp":"2025-09-12T13:21:41.494Z","level":"info","message":"Using Metabase API Key for authentication."}
INFO: Using Metabase API Key for authentication.
{"timestamp":"2025-09-12T13:21:41.496Z","level":"info","message":"Starting Metabase MCP server..."}
INFO: Starting Metabase MCP server...
{"timestamp":"2025-09-12T13:21:41.499Z","level":"info","message":"Metabase MCP server running on stdio"}
INFO: Metabase MCP server running on stdio
INFO - mcp-atlassian.server.main - Added /healthz endpoint for Kubernetes probes
INFO - mcp-atlassian - Starting server with STDIO transport.
[09/12/25 13:21:42] INFO     Starting MCP server 'Atlassian MCP'   server.py:734
                             with transport 'stdio'                             
INFO - FastMCP.fastmcp.server.server - Starting MCP server 'Atlassian MCP' with transport 'stdio'
INFO - mcp-atlassian.server.main - Main Atlassian MCP server lifespan starting...
INFO - mcp-atlassian.utils.environment - Using Jira Cloud Basic Authentication (API Token)
INFO - mcp-atlassian.utils.environment - Confluence is not configured or required environment variables are missing.
INFO - mcp-atlassian.server.main - Jira configuration loaded and authentication is configured.
INFO - mcp-atlassian.server.main - Read-only mode: DISABLED
INFO - mcp-atlassian.server.main - Enabled tools filter: All tools enabled
INFO - mcp-atlassian.server.main - Main Atlassian MCP server lifespan shutting down...
INFO - mcp-atlassian.server.main - Main Atlassian MCP server lifespan shutdown complete.
INFO - mcp-atlassian.utils.lifecycle - Server stopped, flushing output streams...
INFO - mcp-atlassian.server.main - Added /healthz endpoint for Kubernetes probes
INFO - mcp-atlassian - Starting server with STDIO transport.
[09/12/25 13:21:43] INFO     Starting MCP server 'Atlassian MCP'   server.py:734
                             with transport 'stdio'                             
INFO - FastMCP.fastmcp.server.server - Starting MCP server 'Atlassian MCP' with transport 'stdio'
INFO - mcp-atlassian.server.main - Main Atlassian MCP server lifespan starting...
INFO - mcp-atlassian.utils.environment - Using Jira Cloud Basic Authentication (API Token)
INFO - mcp-atlassian.utils.environment - Confluence is not configured or required environment variables are missing.
INFO - mcp-atlassian.server.main - Jira configuration loaded and authentication is configured.
INFO - mcp-atlassian.server.main - Read-only mode: DISABLED
INFO - mcp-atlassian.server.main - Enabled tools filter: All tools enabled
WARNING:  StatReload detected changes in 'converse_style_orchestrator.py'. Reloading...
2025-09-12T13:21:43.908664Z  INFO rmcp::service: input stream terminated
2025-09-12T13:21:43.909121Z  INFO rmcp::service: serve finished quit_reason=Closed
INFO - mcp-atlassian.server.main - Main Atlassian MCP server lifespan shutting down...
INFO - mcp-atlassian.server.main - Main Atlassian MCP server lifespan shutdown complete.
INFO - mcp-atlassian.utils.lifecycle - Server stopped, flushing output streams...
2025-09-12T13:21:44.662813Z  INFO elasticsearch_core_mcp_server: Starting MCP server
2025-09-12T13:21:44.674969Z  INFO rmcp::handler::server: client initialized
2025-09-12T13:21:44.675043Z  INFO serve_inner: rmcp::service: Service initialized as server peer_info=Some(InitializeRequestParam { protocol_version: ProtocolVersion("0.1"), capabilities: ClientCapabilities { experimental: None, roots: None, sampling: None }, client_info: Implementation { name: "es-mcp-client", version: "1.0.0" } })
{"timestamp":"2025-09-12T13:21:44.773Z","level":"info","message":"Using Metabase API Key for authentication."}
INFO: Using Metabase API Key for authentication.
{"timestamp":"2025-09-12T13:21:44.774Z","level":"info","message":"Starting Metabase MCP server..."}
INFO: Starting Metabase MCP server...
{"timestamp":"2025-09-12T13:21:44.774Z","level":"info","message":"Metabase MCP server running on stdio"}
INFO: Metabase MCP server running on stdio
WARNING:  StatReload detected changes in 'converse_style_orchestrator.py'. Reloading...
2025-09-12T13:21:44.804304Z  INFO rmcp::service: input stream terminated
2025-09-12T13:21:44.804314Z  INFO rmcp::service: serve finished quit_reason=Closed
2025-09-12T13:21:45.530392Z  INFO elasticsearch_core_mcp_server: Starting MCP server
2025-09-12T13:21:45.548405Z  INFO rmcp::handler::server: client initialized
2025-09-12T13:21:45.548423Z  INFO serve_inner: rmcp::service: Service initialized as server peer_info=Some(InitializeRequestParam { protocol_version: ProtocolVersion("0.1"), capabilities: ClientCapabilities { experimental: None, roots: None, sampling: None }, client_info: Implementation { name: "es-mcp-client", version: "1.0.0" } })
{"timestamp":"2025-09-12T13:21:45.638Z","level":"info","message":"Using Metabase API Key for authentication."}
INFO: Using Metabase API Key for authentication.
{"timestamp":"2025-09-12T13:21:45.639Z","level":"info","message":"Starting Metabase MCP server..."}
INFO: Starting Metabase MCP server...
{"timestamp":"2025-09-12T13:21:45.640Z","level":"info","message":"Metabase MCP server running on stdio"}
INFO: Metabase MCP server running on stdio
WARNING:  StatReload detected changes in 'converse_style_orchestrator.py'. Reloading...
2025-09-12T13:21:45.678402Z  INFO rmcp::service: input stream terminated
2025-09-12T13:21:45.678414Z  INFO rmcp::service: serve finished quit_reason=Closed
2025-09-12T13:21:46.345149Z  INFO elasticsearch_core_mcp_server: Starting MCP server
2025-09-12T13:21:46.377127Z  INFO rmcp::handler::server: client initialized
2025-09-12T13:21:46.377270Z  INFO serve_inner: rmcp::service: Service initialized as server peer_info=Some(InitializeRequestParam { protocol_version: ProtocolVersion("0.1"), capabilities: ClientCapabilities { experimental: None, roots: None, sampling: None }, client_info: Implementation { name: "es-mcp-client", version: "1.0.0" } })
{"timestamp":"2025-09-12T13:21:46.608Z","level":"info","message":"Using Metabase API Key for authentication."}
INFO: Using Metabase API Key for authentication.
{"timestamp":"2025-09-12T13:21:46.616Z","level":"info","message":"Starting Metabase MCP server..."}
INFO: Starting Metabase MCP server...
{"timestamp":"2025-09-12T13:21:46.616Z","level":"info","message":"Metabase MCP server running on stdio"}
INFO: Metabase MCP server running on stdio
INFO - mcp-atlassian.server.main - Added /healthz endpoint for Kubernetes probes
INFO - mcp-atlassian - Starting server with STDIO transport.
[09/12/25 13:21:46] INFO     Starting MCP server 'Atlassian MCP'   server.py:734
                             with transport 'stdio'                             
INFO - FastMCP.fastmcp.server.server - Starting MCP server 'Atlassian MCP' with transport 'stdio'
INFO - mcp-atlassian.server.main - Main Atlassian MCP server lifespan starting...
INFO - mcp-atlassian.utils.environment - Using Jira Cloud Basic Authentication (API Token)
INFO - mcp-atlassian.utils.environment - Confluence is not configured or required environment variables are missing.
INFO - mcp-atlassian.server.main - Jira configuration loaded and authentication is configured.
INFO - mcp-atlassian.server.main - Read-only mode: DISABLED
INFO - mcp-atlassian.server.main - Enabled tools filter: All tools enabled
INFO - mcp-atlassian.server.main - Main Atlassian MCP server lifespan shutting down...
INFO - mcp-atlassian.server.main - Main Atlassian MCP server lifespan shutdown complete.
INFO - mcp-atlassian.utils.lifecycle - Server stopped, flushing output streams...
INFO - mcp-atlassian.server.main - Added /healthz endpoint for Kubernetes probes
INFO - mcp-atlassian - Starting server with STDIO transport.
[09/12/25 13:21:47] INFO     Starting MCP server 'Atlassian MCP'   server.py:734
                             with transport 'stdio'                             
INFO - FastMCP.fastmcp.server.server - Starting MCP server 'Atlassian MCP' with transport 'stdio'
INFO - mcp-atlassian.server.main - Main Atlassian MCP server lifespan starting...
INFO - mcp-atlassian.utils.environment - Using Jira Cloud Basic Authentication (API Token)
INFO - mcp-atlassian.utils.environment - Confluence is not configured or required environment variables are missing.
INFO - mcp-atlassian.server.main - Jira configuration loaded and authentication is configured.
INFO - mcp-atlassian.server.main - Read-only mode: DISABLED
INFO - mcp-atlassian.server.main - Enabled tools filter: All tools enabled
INFO - mcp-atlassian.server.main - Main Atlassian MCP server lifespan shutting down...
INFO - mcp-atlassian.server.main - Main Atlassian MCP server lifespan shutdown complete.
INFO - mcp-atlassian.utils.lifecycle - Server stopped, flushing output streams...
INFO - mcp-atlassian.server.main - Added /healthz endpoint for Kubernetes probes
INFO - mcp-atlassian - Starting server with STDIO transport.
[09/12/25 13:21:48] INFO     Starting MCP server 'Atlassian MCP'   server.py:734
                             with transport 'stdio'                             
INFO - FastMCP.fastmcp.server.server - Starting MCP server 'Atlassian MCP' with transport 'stdio'
INFO - mcp-atlassian.server.main - Main Atlassian MCP server lifespan starting...
INFO - mcp-atlassian.utils.environment - Using Jira Cloud Basic Authentication (API Token)
INFO - mcp-atlassian.utils.environment - Confluence is not configured or required environment variables are missing.
INFO - mcp-atlassian.server.main - Jira configuration loaded and authentication is configured.
INFO - mcp-atlassian.server.main - Read-only mode: DISABLED
INFO - mcp-atlassian.server.main - Enabled tools filter: All tools enabled
INFO:     Started server process [27006]
INFO:     Waiting for application startup.
INFO:     Application startup complete.
WARNING:  StatReload detected changes in 'converse_style_orchestrator.py'. Reloading...
INFO:     Shutting down
INFO:     Waiting for application shutdown.
INFO:     Application shutdown complete.
INFO:     Finished server process [27006]
INFO - mcp-atlassian.server.main - Main Atlassian MCP server lifespan shutting down...
INFO - mcp-atlassian.server.main - Main Atlassian MCP server lifespan shutdown complete.
INFO - mcp-atlassian.utils.lifecycle - Server stopped, flushing output streams...
2025-09-12T13:22:11.338076Z  INFO rmcp::service: input stream terminated
2025-09-12T13:22:11.338101Z  INFO rmcp::service: serve finished quit_reason=Closed
2025-09-12T13:22:12.061703Z  INFO elasticsearch_core_mcp_server: Starting MCP server
2025-09-12T13:22:12.070653Z  INFO rmcp::handler::server: client initialized
2025-09-12T13:22:12.070664Z  INFO serve_inner: rmcp::service: Service initialized as server peer_info=Some(InitializeRequestParam { protocol_version: ProtocolVersion("0.1"), capabilities: ClientCapabilities { experimental: None, roots: None, sampling: None }, client_info: Implementation { name: "es-mcp-client", version: "1.0.0" } })
{"timestamp":"2025-09-12T13:22:12.261Z","level":"info","message":"Using Metabase API Key for authentication."}
INFO: Using Metabase API Key for authentication.
{"timestamp":"2025-09-12T13:22:12.262Z","level":"info","message":"Starting Metabase MCP server..."}
INFO: Starting Metabase MCP server...
{"timestamp":"2025-09-12T13:22:12.263Z","level":"info","message":"Metabase MCP server running on stdio"}
INFO: Metabase MCP server running on stdio
INFO - mcp-atlassian.server.main - Added /healthz endpoint for Kubernetes probes
INFO - mcp-atlassian - Starting server with STDIO transport.
[09/12/25 13:22:13] INFO     Starting MCP server 'Atlassian MCP'   server.py:734
                             with transport 'stdio'                             
INFO - FastMCP.fastmcp.server.server - Starting MCP server 'Atlassian MCP' with transport 'stdio'
INFO - mcp-atlassian.server.main - Main Atlassian MCP server lifespan starting...
INFO - mcp-atlassian.utils.environment - Using Jira Cloud Basic Authentication (API Token)
INFO - mcp-atlassian.utils.environment - Confluence is not configured or required environment variables are missing.
INFO - mcp-atlassian.server.main - Jira configuration loaded and authentication is configured.
INFO - mcp-atlassian.server.main - Read-only mode: DISABLED
INFO - mcp-atlassian.server.main - Enabled tools filter: All tools enabled
INFO:     Started server process [27024]
INFO:     Waiting for application startup.
INFO:     Application startup complete.
WARNING:  StatReload detected changes in 'converse_style_orchestrator.py'. Reloading...
INFO:     Shutting down
INFO:     Waiting for application shutdown.
INFO:     Application shutdown complete.
INFO:     Finished server process [27024]
2025-09-12T13:22:16.623934Z  INFO rmcp::service: input stream terminated
2025-09-12T13:22:16.623949Z  INFO rmcp::service: serve finished quit_reason=Closed
INFO - mcp-atlassian.server.main - Main Atlassian MCP server lifespan shutting down...
INFO - mcp-atlassian.server.main - Main Atlassian MCP server lifespan shutdown complete.
INFO - mcp-atlassian.utils.lifecycle - Server stopped, flushing output streams...
2025-09-12T13:22:17.354117Z  INFO elasticsearch_core_mcp_server: Starting MCP server
2025-09-12T13:22:17.365603Z  INFO rmcp::handler::server: client initialized
2025-09-12T13:22:17.365616Z  INFO serve_inner: rmcp::service: Service initialized as server peer_info=Some(InitializeRequestParam { protocol_version: ProtocolVersion("0.1"), capabilities: ClientCapabilities { experimental: None, roots: None, sampling: None }, client_info: Implementation { name: "es-mcp-client", version: "1.0.0" } })
{"timestamp":"2025-09-12T13:22:17.448Z","level":"info","message":"Using Metabase API Key for authentication."}
INFO: Using Metabase API Key for authentication.
{"timestamp":"2025-09-12T13:22:17.449Z","level":"info","message":"Starting Metabase MCP server..."}
INFO: Starting Metabase MCP server...
{"timestamp":"2025-09-12T13:22:17.450Z","level":"info","message":"Metabase MCP server running on stdio"}
INFO: Metabase MCP server running on stdio
WARNING:  StatReload detected changes in 'converse_style_orchestrator.py'. Reloading...
2025-09-12T13:22:17.541613Z  INFO rmcp::service: input stream terminated
2025-09-12T13:22:17.541625Z  INFO rmcp::service: serve finished quit_reason=Closed
2025-09-12T13:22:18.202299Z  INFO elasticsearch_core_mcp_server: Starting MCP server
2025-09-12T13:22:18.217629Z  INFO rmcp::handler::server: client initialized
2025-09-12T13:22:18.217644Z  INFO serve_inner: rmcp::service: Service initialized as server peer_info=Some(InitializeRequestParam { protocol_version: ProtocolVersion("0.1"), capabilities: ClientCapabilities { experimental: None, roots: None, sampling: None }, client_info: Implementation { name: "es-mcp-client", version: "1.0.0" } })
{"timestamp":"2025-09-12T13:22:18.316Z","level":"info","message":"Using Metabase API Key for authentication."}
INFO: Using Metabase API Key for authentication.
{"timestamp":"2025-09-12T13:22:18.317Z","level":"info","message":"Starting Metabase MCP server..."}
INFO: Starting Metabase MCP server...
{"timestamp":"2025-09-12T13:22:18.318Z","level":"info","message":"Metabase MCP server running on stdio"}
INFO: Metabase MCP server running on stdio
INFO - mcp-atlassian.server.main - Added /healthz endpoint for Kubernetes probes
INFO - mcp-atlassian - Starting server with STDIO transport.
[09/12/25 13:22:19] INFO     Starting MCP server 'Atlassian MCP'   server.py:734
                             with transport 'stdio'                             
INFO - FastMCP.fastmcp.server.server - Starting MCP server 'Atlassian MCP' with transport 'stdio'
INFO - mcp-atlassian.server.main - Main Atlassian MCP server lifespan starting...
INFO - mcp-atlassian.utils.environment - Using Jira Cloud Basic Authentication (API Token)
INFO - mcp-atlassian.utils.environment - Confluence is not configured or required environment variables are missing.
INFO - mcp-atlassian.server.main - Jira configuration loaded and authentication is configured.
INFO - mcp-atlassian.server.main - Read-only mode: DISABLED
INFO - mcp-atlassian.server.main - Enabled tools filter: All tools enabled
INFO - mcp-atlassian.server.main - Main Atlassian MCP server lifespan shutting down...
INFO - mcp-atlassian.server.main - Main Atlassian MCP server lifespan shutdown complete.
INFO - mcp-atlassian.utils.lifecycle - Server stopped, flushing output streams...
INFO - mcp-atlassian.server.main - Added /healthz endpoint for Kubernetes probes
INFO - mcp-atlassian - Starting server with STDIO transport.
[09/12/25 13:22:19] INFO     Starting MCP server 'Atlassian MCP'   server.py:734
                             with transport 'stdio'                             
INFO - FastMCP.fastmcp.server.server - Starting MCP server 'Atlassian MCP' with transport 'stdio'
INFO - mcp-atlassian.server.main - Main Atlassian MCP server lifespan starting...
INFO - mcp-atlassian.utils.environment - Using Jira Cloud Basic Authentication (API Token)
INFO - mcp-atlassian.utils.environment - Confluence is not configured or required environment variables are missing.
INFO - mcp-atlassian.server.main - Jira configuration loaded and authentication is configured.
INFO - mcp-atlassian.server.main - Read-only mode: DISABLED
INFO - mcp-atlassian.server.main - Enabled tools filter: All tools enabled
INFO:     Started server process [27040]
INFO:     Waiting for application startup.
INFO:     Application startup complete.
📨 Sent initialized notification
INFO:     127.0.0.1:52871 - "POST /invoke HTTP/1.1" 500 Internal Server Error
ERROR:    Exception in ASGI application
Traceback (most recent call last):
  File "/Users/omkaram/Desktop/zeta_repos/github_repos/zeta-hacks-oms/venv/lib/python3.13/site-packages/uvicorn/protocols/http/h11_impl.py", line 403, in run_asgi
    result = await app(  # type: ignore[func-returns-value]
             ^^^^^^^^^^^^^^^^^^^^^^^^^^^^^^^^^^^^^^^^^^^^^^
        self.scope, self.receive, self.send
        ^^^^^^^^^^^^^^^^^^^^^^^^^^^^^^^^^^^
    )
    ^
  File "/Users/omkaram/Desktop/zeta_repos/github_repos/zeta-hacks-oms/venv/lib/python3.13/site-packages/uvicorn/middleware/proxy_headers.py", line 60, in __call__
    return await self.app(scope, receive, send)
           ^^^^^^^^^^^^^^^^^^^^^^^^^^^^^^^^^^^^
  File "/Users/omkaram/Desktop/zeta_repos/github_repos/zeta-hacks-oms/venv/lib/python3.13/site-packages/fastapi/applications.py", line 1054, in __call__
    await super().__call__(scope, receive, send)
  File "/Users/omkaram/Desktop/zeta_repos/github_repos/zeta-hacks-oms/venv/lib/python3.13/site-packages/starlette/applications.py", line 113, in __call__
    await self.middleware_stack(scope, receive, send)
  File "/Users/omkaram/Desktop/zeta_repos/github_repos/zeta-hacks-oms/venv/lib/python3.13/site-packages/starlette/middleware/errors.py", line 186, in __call__
    raise exc
  File "/Users/omkaram/Desktop/zeta_repos/github_repos/zeta-hacks-oms/venv/lib/python3.13/site-packages/starlette/middleware/errors.py", line 164, in __call__
    await self.app(scope, receive, _send)
  File "/Users/omkaram/Desktop/zeta_repos/github_repos/zeta-hacks-oms/venv/lib/python3.13/site-packages/starlette/middleware/exceptions.py", line 63, in __call__
    await wrap_app_handling_exceptions(self.app, conn)(scope, receive, send)
  File "/Users/omkaram/Desktop/zeta_repos/github_repos/zeta-hacks-oms/venv/lib/python3.13/site-packages/starlette/_exception_handler.py", line 53, in wrapped_app
    raise exc
  File "/Users/omkaram/Desktop/zeta_repos/github_repos/zeta-hacks-oms/venv/lib/python3.13/site-packages/starlette/_exception_handler.py", line 42, in wrapped_app
    await app(scope, receive, sender)
  File "/Users/omkaram/Desktop/zeta_repos/github_repos/zeta-hacks-oms/venv/lib/python3.13/site-packages/starlette/routing.py", line 716, in __call__
    await self.middleware_stack(scope, receive, send)
  File "/Users/omkaram/Desktop/zeta_repos/github_repos/zeta-hacks-oms/venv/lib/python3.13/site-packages/starlette/routing.py", line 736, in app
    await route.handle(scope, receive, send)
  File "/Users/omkaram/Desktop/zeta_repos/github_repos/zeta-hacks-oms/venv/lib/python3.13/site-packages/starlette/routing.py", line 290, in handle
    await self.app(scope, receive, send)
  File "/Users/omkaram/Desktop/zeta_repos/github_repos/zeta-hacks-oms/venv/lib/python3.13/site-packages/starlette/routing.py", line 78, in app
    await wrap_app_handling_exceptions(app, request)(scope, receive, send)
  File "/Users/omkaram/Desktop/zeta_repos/github_repos/zeta-hacks-oms/venv/lib/python3.13/site-packages/starlette/_exception_handler.py", line 53, in wrapped_app
    raise exc
  File "/Users/omkaram/Desktop/zeta_repos/github_repos/zeta-hacks-oms/venv/lib/python3.13/site-packages/starlette/_exception_handler.py", line 42, in wrapped_app
    await app(scope, receive, sender)
  File "/Users/omkaram/Desktop/zeta_repos/github_repos/zeta-hacks-oms/venv/lib/python3.13/site-packages/starlette/routing.py", line 75, in app
    response = await f(request)
               ^^^^^^^^^^^^^^^^
  File "/Users/omkaram/Desktop/zeta_repos/github_repos/zeta-hacks-oms/venv/lib/python3.13/site-packages/fastapi/routing.py", line 302, in app
    raw_response = await run_endpoint_function(
                   ^^^^^^^^^^^^^^^^^^^^^^^^^^^^
    ...<3 lines>...
    )
    ^
  File "/Users/omkaram/Desktop/zeta_repos/github_repos/zeta-hacks-oms/venv/lib/python3.13/site-packages/fastapi/routing.py", line 215, in run_endpoint_function
    return await run_in_threadpool(dependant.call, **values)
           ^^^^^^^^^^^^^^^^^^^^^^^^^^^^^^^^^^^^^^^^^^^^^^^^^
  File "/Users/omkaram/Desktop/zeta_repos/github_repos/zeta-hacks-oms/venv/lib/python3.13/site-packages/starlette/concurrency.py", line 38, in run_in_threadpool
    return await anyio.to_thread.run_sync(func)
           ^^^^^^^^^^^^^^^^^^^^^^^^^^^^^^^^^^^^
  File "/Users/omkaram/Desktop/zeta_repos/github_repos/zeta-hacks-oms/venv/lib/python3.13/site-packages/anyio/to_thread.py", line 56, in run_sync
    return await get_async_backend().run_sync_in_worker_thread(
           ^^^^^^^^^^^^^^^^^^^^^^^^^^^^^^^^^^^^^^^^^^^^^^^^^^^^
        func, args, abandon_on_cancel=abandon_on_cancel, limiter=limiter
        ^^^^^^^^^^^^^^^^^^^^^^^^^^^^^^^^^^^^^^^^^^^^^^^^^^^^^^^^^^^^^^^^
    )
    ^
  File "/Users/omkaram/Desktop/zeta_repos/github_repos/zeta-hacks-oms/venv/lib/python3.13/site-packages/anyio/_backends/_asyncio.py", line 2476, in run_sync_in_worker_thread
    return await future
           ^^^^^^^^^^^^
  File "/Users/omkaram/Desktop/zeta_repos/github_repos/zeta-hacks-oms/venv/lib/python3.13/site-packages/anyio/_backends/_asyncio.py", line 967, in run
    result = context.run(func, *args)
  File "/Users/omkaram/Desktop/zeta_repos/github_repos/zeta-hacks-oms/server/app.py", line 39, in orchestrate
    process(prompt_version, key, seed)
    ~~~~~~~^^^^^^^^^^^^^^^^^^^^^^^^^^^
  File "/Users/omkaram/Desktop/zeta_repos/github_repos/zeta-hacks-oms/converse_style_orchestrator.py", line 111, in process
    raise RuntimeError(f"Seed required if key is empty {e}")
                                                        ^
UnboundLocalError: cannot access local variable 'e' where it is not associated with a value
WARNING:  StatReload detected changes in 'converse_style_orchestrator.py'. Reloading...
INFO:     Shutting down
INFO:     Waiting for application shutdown.
INFO:     Application shutdown complete.
INFO:     Finished server process [27040]
2025-09-12T13:23:04.989216Z  INFO rmcp::service: input stream terminated
2025-09-12T13:23:04.992116Z  INFO rmcp::service: serve finished quit_reason=Closed
INFO - mcp-atlassian.server.main - Main Atlassian MCP server lifespan shutting down...
INFO - mcp-atlassian.server.main - Main Atlassian MCP server lifespan shutdown complete.
INFO - mcp-atlassian.utils.lifecycle - Server stopped, flushing output streams...
WARNING:  StatReload detected changes in 'converse_style_orchestrator.py'. Reloading...
2025-09-12T13:23:07.214700Z  INFO elasticsearch_core_mcp_server: Starting MCP server
2025-09-12T13:23:07.231744Z  INFO rmcp::handler::server: client initialized
2025-09-12T13:23:07.231782Z  INFO serve_inner: rmcp::service: Service initialized as server peer_info=Some(InitializeRequestParam { protocol_version: ProtocolVersion("0.1"), capabilities: ClientCapabilities { experimental: None, roots: None, sampling: None }, client_info: Implementation { name: "es-mcp-client", version: "1.0.0" } })
{"timestamp":"2025-09-12T13:23:07.341Z","level":"info","message":"Using Metabase API Key for authentication."}
INFO: Using Metabase API Key for authentication.
{"timestamp":"2025-09-12T13:23:07.343Z","level":"info","message":"Starting Metabase MCP server..."}
INFO: Starting Metabase MCP server...
{"timestamp":"2025-09-12T13:23:07.343Z","level":"info","message":"Metabase MCP server running on stdio"}
INFO: Metabase MCP server running on stdio
WARNING:  StatReload detected changes in 'converse_style_orchestrator.py'. Reloading...
2025-09-12T13:23:07.688710Z  INFO rmcp::service: input stream terminated
2025-09-12T13:23:07.689136Z  INFO rmcp::service: serve finished quit_reason=Closed
2025-09-12T13:23:08.560449Z  INFO elasticsearch_core_mcp_server: Starting MCP server
2025-09-12T13:23:08.582962Z  INFO rmcp::handler::server: client initialized
2025-09-12T13:23:08.583296Z  INFO serve_inner: rmcp::service: Service initialized as server peer_info=Some(InitializeRequestParam { protocol_version: ProtocolVersion("0.1"), capabilities: ClientCapabilities { experimental: None, roots: None, sampling: None }, client_info: Implementation { name: "es-mcp-client", version: "1.0.0" } })
{"timestamp":"2025-09-12T13:23:09.109Z","level":"info","message":"Using Metabase API Key for authentication."}
INFO: Using Metabase API Key for authentication.
{"timestamp":"2025-09-12T13:23:09.110Z","level":"info","message":"Starting Metabase MCP server..."}
INFO: Starting Metabase MCP server...
{"timestamp":"2025-09-12T13:23:09.110Z","level":"info","message":"Metabase MCP server running on stdio"}
INFO: Metabase MCP server running on stdio
INFO - mcp-atlassian.server.main - Added /healthz endpoint for Kubernetes probes
INFO - mcp-atlassian - Starting server with STDIO transport.
[09/12/25 13:23:09] INFO     Starting MCP server 'Atlassian MCP'   server.py:734
                             with transport 'stdio'                             
INFO - FastMCP.fastmcp.server.server - Starting MCP server 'Atlassian MCP' with transport 'stdio'
INFO - mcp-atlassian.server.main - Main Atlassian MCP server lifespan starting...
INFO - mcp-atlassian.utils.environment - Using Jira Cloud Basic Authentication (API Token)
INFO - mcp-atlassian.utils.environment - Confluence is not configured or required environment variables are missing.
INFO - mcp-atlassian.server.main - Jira configuration loaded and authentication is configured.
INFO - mcp-atlassian.server.main - Read-only mode: DISABLED
INFO - mcp-atlassian.server.main - Enabled tools filter: All tools enabled
INFO - mcp-atlassian.server.main - Main Atlassian MCP server lifespan shutting down...
INFO - mcp-atlassian.server.main - Main Atlassian MCP server lifespan shutdown complete.
INFO - mcp-atlassian.utils.lifecycle - Server stopped, flushing output streams...
INFO - mcp-atlassian.server.main - Added /healthz endpoint for Kubernetes probes
INFO - mcp-atlassian - Starting server with STDIO transport.
[09/12/25 13:23:10] INFO     Starting MCP server 'Atlassian MCP'   server.py:734
                             with transport 'stdio'                             
INFO - FastMCP.fastmcp.server.server - Starting MCP server 'Atlassian MCP' with transport 'stdio'
INFO - mcp-atlassian.server.main - Main Atlassian MCP server lifespan starting...
INFO - mcp-atlassian.utils.environment - Using Jira Cloud Basic Authentication (API Token)
INFO - mcp-atlassian.utils.environment - Confluence is not configured or required environment variables are missing.
INFO - mcp-atlassian.server.main - Jira configuration loaded and authentication is configured.
INFO - mcp-atlassian.server.main - Read-only mode: DISABLED
INFO - mcp-atlassian.server.main - Enabled tools filter: All tools enabled
INFO:     Started server process [27117]
INFO:     Waiting for application startup.
INFO:     Application startup complete.
📨 Sent initialized notification
INFO:     127.0.0.1:52923 - "POST /invoke HTTP/1.1" 500 Internal Server Error
ERROR:    Exception in ASGI application
Traceback (most recent call last):
  File "/Users/omkaram/Desktop/zeta_repos/github_repos/zeta-hacks-oms/venv/lib/python3.13/site-packages/uvicorn/protocols/http/h11_impl.py", line 403, in run_asgi
    result = await app(  # type: ignore[func-returns-value]
             ^^^^^^^^^^^^^^^^^^^^^^^^^^^^^^^^^^^^^^^^^^^^^^
        self.scope, self.receive, self.send
        ^^^^^^^^^^^^^^^^^^^^^^^^^^^^^^^^^^^
    )
    ^
  File "/Users/omkaram/Desktop/zeta_repos/github_repos/zeta-hacks-oms/venv/lib/python3.13/site-packages/uvicorn/middleware/proxy_headers.py", line 60, in __call__
    return await self.app(scope, receive, send)
           ^^^^^^^^^^^^^^^^^^^^^^^^^^^^^^^^^^^^
  File "/Users/omkaram/Desktop/zeta_repos/github_repos/zeta-hacks-oms/venv/lib/python3.13/site-packages/fastapi/applications.py", line 1054, in __call__
    await super().__call__(scope, receive, send)
  File "/Users/omkaram/Desktop/zeta_repos/github_repos/zeta-hacks-oms/venv/lib/python3.13/site-packages/starlette/applications.py", line 113, in __call__
    await self.middleware_stack(scope, receive, send)
  File "/Users/omkaram/Desktop/zeta_repos/github_repos/zeta-hacks-oms/venv/lib/python3.13/site-packages/starlette/middleware/errors.py", line 186, in __call__
    raise exc
  File "/Users/omkaram/Desktop/zeta_repos/github_repos/zeta-hacks-oms/venv/lib/python3.13/site-packages/starlette/middleware/errors.py", line 164, in __call__
    await self.app(scope, receive, _send)
  File "/Users/omkaram/Desktop/zeta_repos/github_repos/zeta-hacks-oms/venv/lib/python3.13/site-packages/starlette/middleware/exceptions.py", line 63, in __call__
    await wrap_app_handling_exceptions(self.app, conn)(scope, receive, send)
  File "/Users/omkaram/Desktop/zeta_repos/github_repos/zeta-hacks-oms/venv/lib/python3.13/site-packages/starlette/_exception_handler.py", line 53, in wrapped_app
    raise exc
  File "/Users/omkaram/Desktop/zeta_repos/github_repos/zeta-hacks-oms/venv/lib/python3.13/site-packages/starlette/_exception_handler.py", line 42, in wrapped_app
    await app(scope, receive, sender)
  File "/Users/omkaram/Desktop/zeta_repos/github_repos/zeta-hacks-oms/venv/lib/python3.13/site-packages/starlette/routing.py", line 716, in __call__
    await self.middleware_stack(scope, receive, send)
  File "/Users/omkaram/Desktop/zeta_repos/github_repos/zeta-hacks-oms/venv/lib/python3.13/site-packages/starlette/routing.py", line 736, in app
    await route.handle(scope, receive, send)
  File "/Users/omkaram/Desktop/zeta_repos/github_repos/zeta-hacks-oms/venv/lib/python3.13/site-packages/starlette/routing.py", line 290, in handle
    await self.app(scope, receive, send)
  File "/Users/omkaram/Desktop/zeta_repos/github_repos/zeta-hacks-oms/venv/lib/python3.13/site-packages/starlette/routing.py", line 78, in app
    await wrap_app_handling_exceptions(app, request)(scope, receive, send)
  File "/Users/omkaram/Desktop/zeta_repos/github_repos/zeta-hacks-oms/venv/lib/python3.13/site-packages/starlette/_exception_handler.py", line 53, in wrapped_app
    raise exc
  File "/Users/omkaram/Desktop/zeta_repos/github_repos/zeta-hacks-oms/venv/lib/python3.13/site-packages/starlette/_exception_handler.py", line 42, in wrapped_app
    await app(scope, receive, sender)
  File "/Users/omkaram/Desktop/zeta_repos/github_repos/zeta-hacks-oms/venv/lib/python3.13/site-packages/starlette/routing.py", line 75, in app
    response = await f(request)
               ^^^^^^^^^^^^^^^^
  File "/Users/omkaram/Desktop/zeta_repos/github_repos/zeta-hacks-oms/venv/lib/python3.13/site-packages/fastapi/routing.py", line 302, in app
    raw_response = await run_endpoint_function(
                   ^^^^^^^^^^^^^^^^^^^^^^^^^^^^
    ...<3 lines>...
    )
    ^
  File "/Users/omkaram/Desktop/zeta_repos/github_repos/zeta-hacks-oms/venv/lib/python3.13/site-packages/fastapi/routing.py", line 215, in run_endpoint_function
    return await run_in_threadpool(dependant.call, **values)
           ^^^^^^^^^^^^^^^^^^^^^^^^^^^^^^^^^^^^^^^^^^^^^^^^^
  File "/Users/omkaram/Desktop/zeta_repos/github_repos/zeta-hacks-oms/venv/lib/python3.13/site-packages/starlette/concurrency.py", line 38, in run_in_threadpool
    return await anyio.to_thread.run_sync(func)
           ^^^^^^^^^^^^^^^^^^^^^^^^^^^^^^^^^^^^
  File "/Users/omkaram/Desktop/zeta_repos/github_repos/zeta-hacks-oms/venv/lib/python3.13/site-packages/anyio/to_thread.py", line 56, in run_sync
    return await get_async_backend().run_sync_in_worker_thread(
           ^^^^^^^^^^^^^^^^^^^^^^^^^^^^^^^^^^^^^^^^^^^^^^^^^^^^
        func, args, abandon_on_cancel=abandon_on_cancel, limiter=limiter
        ^^^^^^^^^^^^^^^^^^^^^^^^^^^^^^^^^^^^^^^^^^^^^^^^^^^^^^^^^^^^^^^^
    )
    ^
  File "/Users/omkaram/Desktop/zeta_repos/github_repos/zeta-hacks-oms/venv/lib/python3.13/site-packages/anyio/_backends/_asyncio.py", line 2476, in run_sync_in_worker_thread
    return await future
           ^^^^^^^^^^^^
  File "/Users/omkaram/Desktop/zeta_repos/github_repos/zeta-hacks-oms/venv/lib/python3.13/site-packages/anyio/_backends/_asyncio.py", line 967, in run
    result = context.run(func, *args)
  File "/Users/omkaram/Desktop/zeta_repos/github_repos/zeta-hacks-oms/server/app.py", line 39, in orchestrate
    process(prompt_version, key, seed)
    ~~~~~~~^^^^^^^^^^^^^^^^^^^^^^^^^^^
  File "/Users/omkaram/Desktop/zeta_repos/github_repos/zeta-hacks-oms/converse_style_orchestrator.py", line 111, in process
    raise RuntimeError("Seed required if key is empty")
RuntimeError: Seed required if key is empty
INFO:     127.0.0.1:52989 - "POST /invoke HTTP/1.1" 500 Internal Server Error
ERROR:    Exception in ASGI application
Traceback (most recent call last):
  File "/Users/omkaram/Desktop/zeta_repos/github_repos/zeta-hacks-oms/venv/lib/python3.13/site-packages/uvicorn/protocols/http/h11_impl.py", line 403, in run_asgi
    result = await app(  # type: ignore[func-returns-value]
             ^^^^^^^^^^^^^^^^^^^^^^^^^^^^^^^^^^^^^^^^^^^^^^
        self.scope, self.receive, self.send
        ^^^^^^^^^^^^^^^^^^^^^^^^^^^^^^^^^^^
    )
    ^
  File "/Users/omkaram/Desktop/zeta_repos/github_repos/zeta-hacks-oms/venv/lib/python3.13/site-packages/uvicorn/middleware/proxy_headers.py", line 60, in __call__
    return await self.app(scope, receive, send)
           ^^^^^^^^^^^^^^^^^^^^^^^^^^^^^^^^^^^^
  File "/Users/omkaram/Desktop/zeta_repos/github_repos/zeta-hacks-oms/venv/lib/python3.13/site-packages/fastapi/applications.py", line 1054, in __call__
    await super().__call__(scope, receive, send)
  File "/Users/omkaram/Desktop/zeta_repos/github_repos/zeta-hacks-oms/venv/lib/python3.13/site-packages/starlette/applications.py", line 113, in __call__
    await self.middleware_stack(scope, receive, send)
  File "/Users/omkaram/Desktop/zeta_repos/github_repos/zeta-hacks-oms/venv/lib/python3.13/site-packages/starlette/middleware/errors.py", line 186, in __call__
    raise exc
  File "/Users/omkaram/Desktop/zeta_repos/github_repos/zeta-hacks-oms/venv/lib/python3.13/site-packages/starlette/middleware/errors.py", line 164, in __call__
    await self.app(scope, receive, _send)
  File "/Users/omkaram/Desktop/zeta_repos/github_repos/zeta-hacks-oms/venv/lib/python3.13/site-packages/starlette/middleware/exceptions.py", line 63, in __call__
    await wrap_app_handling_exceptions(self.app, conn)(scope, receive, send)
  File "/Users/omkaram/Desktop/zeta_repos/github_repos/zeta-hacks-oms/venv/lib/python3.13/site-packages/starlette/_exception_handler.py", line 53, in wrapped_app
    raise exc
  File "/Users/omkaram/Desktop/zeta_repos/github_repos/zeta-hacks-oms/venv/lib/python3.13/site-packages/starlette/_exception_handler.py", line 42, in wrapped_app
    await app(scope, receive, sender)
  File "/Users/omkaram/Desktop/zeta_repos/github_repos/zeta-hacks-oms/venv/lib/python3.13/site-packages/starlette/routing.py", line 716, in __call__
    await self.middleware_stack(scope, receive, send)
  File "/Users/omkaram/Desktop/zeta_repos/github_repos/zeta-hacks-oms/venv/lib/python3.13/site-packages/starlette/routing.py", line 736, in app
    await route.handle(scope, receive, send)
  File "/Users/omkaram/Desktop/zeta_repos/github_repos/zeta-hacks-oms/venv/lib/python3.13/site-packages/starlette/routing.py", line 290, in handle
    await self.app(scope, receive, send)
  File "/Users/omkaram/Desktop/zeta_repos/github_repos/zeta-hacks-oms/venv/lib/python3.13/site-packages/starlette/routing.py", line 78, in app
    await wrap_app_handling_exceptions(app, request)(scope, receive, send)
  File "/Users/omkaram/Desktop/zeta_repos/github_repos/zeta-hacks-oms/venv/lib/python3.13/site-packages/starlette/_exception_handler.py", line 53, in wrapped_app
    raise exc
  File "/Users/omkaram/Desktop/zeta_repos/github_repos/zeta-hacks-oms/venv/lib/python3.13/site-packages/starlette/_exception_handler.py", line 42, in wrapped_app
    await app(scope, receive, sender)
  File "/Users/omkaram/Desktop/zeta_repos/github_repos/zeta-hacks-oms/venv/lib/python3.13/site-packages/starlette/routing.py", line 75, in app
    response = await f(request)
               ^^^^^^^^^^^^^^^^
  File "/Users/omkaram/Desktop/zeta_repos/github_repos/zeta-hacks-oms/venv/lib/python3.13/site-packages/fastapi/routing.py", line 302, in app
    raw_response = await run_endpoint_function(
                   ^^^^^^^^^^^^^^^^^^^^^^^^^^^^
    ...<3 lines>...
    )
    ^
  File "/Users/omkaram/Desktop/zeta_repos/github_repos/zeta-hacks-oms/venv/lib/python3.13/site-packages/fastapi/routing.py", line 215, in run_endpoint_function
    return await run_in_threadpool(dependant.call, **values)
           ^^^^^^^^^^^^^^^^^^^^^^^^^^^^^^^^^^^^^^^^^^^^^^^^^
  File "/Users/omkaram/Desktop/zeta_repos/github_repos/zeta-hacks-oms/venv/lib/python3.13/site-packages/starlette/concurrency.py", line 38, in run_in_threadpool
    return await anyio.to_thread.run_sync(func)
           ^^^^^^^^^^^^^^^^^^^^^^^^^^^^^^^^^^^^
  File "/Users/omkaram/Desktop/zeta_repos/github_repos/zeta-hacks-oms/venv/lib/python3.13/site-packages/anyio/to_thread.py", line 56, in run_sync
    return await get_async_backend().run_sync_in_worker_thread(
           ^^^^^^^^^^^^^^^^^^^^^^^^^^^^^^^^^^^^^^^^^^^^^^^^^^^^
        func, args, abandon_on_cancel=abandon_on_cancel, limiter=limiter
        ^^^^^^^^^^^^^^^^^^^^^^^^^^^^^^^^^^^^^^^^^^^^^^^^^^^^^^^^^^^^^^^^
    )
    ^
  File "/Users/omkaram/Desktop/zeta_repos/github_repos/zeta-hacks-oms/venv/lib/python3.13/site-packages/anyio/_backends/_asyncio.py", line 2476, in run_sync_in_worker_thread
    return await future
           ^^^^^^^^^^^^
  File "/Users/omkaram/Desktop/zeta_repos/github_repos/zeta-hacks-oms/venv/lib/python3.13/site-packages/anyio/_backends/_asyncio.py", line 967, in run
    result = context.run(func, *args)
  File "/Users/omkaram/Desktop/zeta_repos/github_repos/zeta-hacks-oms/server/app.py", line 39, in orchestrate
    process(prompt_version, key, seed)
    ~~~~~~~^^^^^^^^^^^^^^^^^^^^^^^^^^^
  File "/Users/omkaram/Desktop/zeta_repos/github_repos/zeta-hacks-oms/converse_style_orchestrator.py", line 190, in process
    store.save(execution=execution)
    ~~~~~~~~~~^^^^^^^^^^^^^^^^^^^^^
  File "/Users/omkaram/Desktop/zeta_repos/github_repos/zeta-hacks-oms/db/mongo_execution_store.py", line 47, in save
    self._col.insert_one(execution.to_dict())
    ~~~~~~~~~~~~~~~~~~~~^^^^^^^^^^^^^^^^^^^^^
  File "/Users/omkaram/Desktop/zeta_repos/github_repos/zeta-hacks-oms/venv/lib/python3.13/site-packages/pymongo/synchronous/collection.py", line 891, in insert_one
    self._insert_one(
    ~~~~~~~~~~~~~~~~^
        document,
        ^^^^^^^^^
    ...<5 lines>...
        comment=comment,
        ^^^^^^^^^^^^^^^^
    ),
    ^
  File "/Users/omkaram/Desktop/zeta_repos/github_repos/zeta-hacks-oms/venv/lib/python3.13/site-packages/pymongo/synchronous/collection.py", line 831, in _insert_one
    self._database.client._retryable_write(
    ~~~~~~~~~~~~~~~~~~~~~~~~~~~~~~~~~~~~~~^
        acknowledged, _insert_command, session, operation=_Op.INSERT
        ^^^^^^^^^^^^^^^^^^^^^^^^^^^^^^^^^^^^^^^^^^^^^^^^^^^^^^^^^^^^
    )
    ^
  File "/Users/omkaram/Desktop/zeta_repos/github_repos/zeta-hacks-oms/venv/lib/python3.13/site-packages/pymongo/synchronous/mongo_client.py", line 2076, in _retryable_write
    return self._retry_with_session(retryable, func, s, bulk, operation, operation_id)
           ~~~~~~~~~~~~~~~~~~~~~~~~^^^^^^^^^^^^^^^^^^^^^^^^^^^^^^^^^^^^^^^^^^^^^^^^^^^
  File "/Users/omkaram/Desktop/zeta_repos/github_repos/zeta-hacks-oms/venv/lib/python3.13/site-packages/pymongo/synchronous/mongo_client.py", line 1962, in _retry_with_session
    return self._retry_internal(
           ~~~~~~~~~~~~~~~~~~~~^
        func=func,
        ^^^^^^^^^^
    ...<4 lines>...
        operation_id=operation_id,
        ^^^^^^^^^^^^^^^^^^^^^^^^^^
    )
    ^
  File "/Users/omkaram/Desktop/zeta_repos/github_repos/zeta-hacks-oms/venv/lib/python3.13/site-packages/pymongo/_csot.py", line 125, in csot_wrapper
    return func(self, *args, **kwargs)
  File "/Users/omkaram/Desktop/zeta_repos/github_repos/zeta-hacks-oms/venv/lib/python3.13/site-packages/pymongo/synchronous/mongo_client.py", line 2008, in _retry_internal
    ).run()
      ~~~^^
  File "/Users/omkaram/Desktop/zeta_repos/github_repos/zeta-hacks-oms/venv/lib/python3.13/site-packages/pymongo/synchronous/mongo_client.py", line 2745, in run
    return self._read() if self._is_read else self._write()
                                              ~~~~~~~~~~~^^
  File "/Users/omkaram/Desktop/zeta_repos/github_repos/zeta-hacks-oms/venv/lib/python3.13/site-packages/pymongo/synchronous/mongo_client.py", line 2877, in _write
    return self._func(self._session, conn, self._retryable)  # type: ignore
           ~~~~~~~~~~^^^^^^^^^^^^^^^^^^^^^^^^^^^^^^^^^^^^^^
  File "/Users/omkaram/Desktop/zeta_repos/github_repos/zeta-hacks-oms/venv/lib/python3.13/site-packages/pymongo/synchronous/collection.py", line 819, in _insert_command
    result = conn.command(
        self._database.name,
    ...<5 lines>...
        retryable_write=retryable_write,
    )
  File "/Users/omkaram/Desktop/zeta_repos/github_repos/zeta-hacks-oms/venv/lib/python3.13/site-packages/pymongo/synchronous/helpers.py", line 47, in inner
    return func(*args, **kwargs)
  File "/Users/omkaram/Desktop/zeta_repos/github_repos/zeta-hacks-oms/venv/lib/python3.13/site-packages/pymongo/synchronous/pool.py", line 441, in command
    self._raise_connection_failure(error)
    ~~~~~~~~~~~~~~~~~~~~~~~~~~~~~~^^^^^^^
  File "/Users/omkaram/Desktop/zeta_repos/github_repos/zeta-hacks-oms/venv/lib/python3.13/site-packages/pymongo/synchronous/pool.py", line 413, in command
    return command(
        self,
    ...<20 lines>...
        write_concern=write_concern,
    )
  File "/Users/omkaram/Desktop/zeta_repos/github_repos/zeta-hacks-oms/venv/lib/python3.13/site-packages/pymongo/synchronous/network.py", line 148, in command
    request_id, msg, size, max_doc_size = message._op_msg(
                                          ~~~~~~~~~~~~~~~^
        flags, spec, dbname, read_preference, codec_options, ctx=compression_ctx
        ^^^^^^^^^^^^^^^^^^^^^^^^^^^^^^^^^^^^^^^^^^^^^^^^^^^^^^^^^^^^^^^^^^^^^^^^
    )
    ^
  File "/Users/omkaram/Desktop/zeta_repos/github_repos/zeta-hacks-oms/venv/lib/python3.13/site-packages/pymongo/message.py", line 419, in _op_msg
    return _op_msg_uncompressed(flags, command, identifier, docs, opts)
  File "/Users/omkaram/Desktop/zeta_repos/github_repos/zeta-hacks-oms/venv/lib/python3.13/site-packages/bson/binary.py", line 344, in from_uuid
    raise ValueError(
    ...<6 lines>...
    )
ValueError: cannot encode native uuid.UUID with UuidRepresentation.UNSPECIFIED. UUIDs can be manually converted to bson.Binary instances using bson.Binary.from_uuid() or a different UuidRepresentation can be configured. See the documentation for UuidRepresentation for more information.
WARNING:  StatReload detected changes in 'converse_style_orchestrator.py'. Reloading...
INFO:     Shutting down
INFO:     Waiting for application shutdown.
INFO:     Application shutdown complete.
INFO:     Finished server process [27117]
INFO - mcp-atlassian.server.main - Main Atlassian MCP server lifespan shutting down...
INFO - mcp-atlassian.server.main - Main Atlassian MCP server lifespan shutdown complete.
2025-09-12T13:25:42.771277Z  INFO rmcp::service: input stream terminated
2025-09-12T13:25:42.771476Z  INFO rmcp::service: serve finished quit_reason=Closed
INFO - mcp-atlassian.utils.lifecycle - Server stopped, flushing output streams...
2025-09-12T13:25:43.643720Z  INFO elasticsearch_core_mcp_server: Starting MCP server
2025-09-12T13:25:43.661772Z  INFO rmcp::handler::server: client initialized
2025-09-12T13:25:43.661832Z  INFO serve_inner: rmcp::service: Service initialized as server peer_info=Some(InitializeRequestParam { protocol_version: ProtocolVersion("0.1"), capabilities: ClientCapabilities { experimental: None, roots: None, sampling: None }, client_info: Implementation { name: "es-mcp-client", version: "1.0.0" } })
{"timestamp":"2025-09-12T13:25:43.750Z","level":"info","message":"Using Metabase API Key for authentication."}
INFO: Using Metabase API Key for authentication.
{"timestamp":"2025-09-12T13:25:43.751Z","level":"info","message":"Starting Metabase MCP server..."}
INFO: Starting Metabase MCP server...
{"timestamp":"2025-09-12T13:25:43.752Z","level":"info","message":"Metabase MCP server running on stdio"}
INFO: Metabase MCP server running on stdio
INFO - mcp-atlassian.server.main - Added /healthz endpoint for Kubernetes probes
INFO - mcp-atlassian - Starting server with STDIO transport.
[09/12/25 13:25:45] INFO     Starting MCP server 'Atlassian MCP'   server.py:734
                             with transport 'stdio'                             
INFO - FastMCP.fastmcp.server.server - Starting MCP server 'Atlassian MCP' with transport 'stdio'
INFO - mcp-atlassian.server.main - Main Atlassian MCP server lifespan starting...
INFO - mcp-atlassian.utils.environment - Using Jira Cloud Basic Authentication (API Token)
INFO - mcp-atlassian.utils.environment - Confluence is not configured or required environment variables are missing.
INFO - mcp-atlassian.server.main - Jira configuration loaded and authentication is configured.
INFO - mcp-atlassian.server.main - Read-only mode: DISABLED
INFO - mcp-atlassian.server.main - Enabled tools filter: All tools enabled
INFO:     Started server process [27255]
INFO:     Waiting for application startup.
INFO:     Application startup complete.
INFO - mcp.server.lowlevel.server - Processing request of type CallToolRequest
ERROR - mcp-jira - HTTP error during API call: Issue does not exist or you do not have permission to see it.
[09/12/25 13:26:10] ERROR    Error calling tool 'get_issue': tool_manager.py:129
                             Issue does not exist or you do                     
                             not have permission to see it.                     
                             ╭─ Traceback (most recent cal─╮                    
                             │ /app/.venv/lib/python3.10/s │                    
                             │ ite-packages/fastmcp/tools/ │                    
                             │ tool_manager.py:120 in      │                    
                             │ call_tool                   │                    
                             │                             │                    
                             │   117 │   │   │   raise Not │                    
                             │   118 │   │                 │                    
                             │   119 │   │   try:          │                    
                             │ ❱ 120 │   │   │   return aw │                    
                             │   121 │   │                 │                    
                             │   122 │   │   # raise ToolE │                    
                             │   123 │   │   except ToolEr │                    
                             │                             │                    
                             │ /app/.venv/lib/python3.10/s │                    
                             │ ite-packages/fastmcp/tools/ │                    
                             │ tool.py:144 in run          │                    
                             │                             │                    
                             │   141 │   │   type_adapter  │                    
                             │   142 │   │   result = type │                    
                             │   143 │   │   if inspect.is │                    
                             │ ❱ 144 │   │   │   result =  │                    
                             │   145 │   │                 │                    
                             │   146 │   │   return _conve │                    
                             │   147                       │                    
                             │                             │                    
                             │ /app/.venv/lib/python3.10/s │                    
                             │ ite-packages/mcp_atlassian/ │                    
                             │ servers/jira.py:154 in      │                    
                             │ get_issue                   │                    
                             │                             │                    
                             │    151 │   if fields and fi │                    
                             │    152 │   │   fields_list  │                    
                             │    153 │                    │                    
                             │ ❱  154 │   issue = jira.get │                    
                             │    155 │   │   issue_key=is │                    
                             │    156 │   │   fields=field │                    
                             │    157 │   │   expand=expan │                    
                             │                             │                    
                             │ /app/.venv/lib/python3.10/s │                    
                             │ ite-packages/mcp_atlassian/ │                    
                             │ jira/issues.py:144 in       │                    
                             │ get_issue                   │                    
                             │                             │                    
                             │    141 │   │   │   │   prop │                    
                             │    142 │   │   │            │                    
                             │    143 │   │   │   # Get th │                    
                             │ ❱  144 │   │   │   issue =  │                    
                             │    145 │   │   │   │   issu │                    
                             │    146 │   │   │   │   expa │                    
                             │    147 │   │   │   │   fiel │                    
                             │                             │                    
                             │ /app/.venv/lib/python3.10/s │                    
                             │ ite-packages/atlassian/jira │                    
                             │ .py:1195 in get_issue       │                    
                             │                             │                    
                             │   1192 │   │   if expand:   │                    
                             │   1193 │   │   │   params[" │                    
                             │   1194 │   │   params["upda │                    
                             │ ❱ 1195 │   │   return self. │                    
                             │   1196 │                    │                    
                             │   1197 │   def epic_issues( │                    
                             │        Optional[str] = None │                    
                             │   1198 │   │   """          │                    
                             │                             │                    
                             │ /app/.venv/lib/python3.10/s │                    
                             │ ite-packages/atlassian/rest │                    
                             │ _client.py:556 in get       │                    
                             │                             │                    
                             │    553 │   │   :param advan │                    
                             │    554 │   │   :return:     │                    
                             │    555 │   │   """          │                    
                             │ ❱  556 │   │   response = s │                    
                             │    557 │   │   │   "GET",   │                    
                             │    558 │   │   │   path=pat │                    
                             │    559 │   │   │   flags=fl │                    
                             │                             │                    
                             │ /app/.venv/lib/python3.10/s │                    
                             │ ite-packages/atlassian/rest │                    
                             │ _client.py:445 in request   │                    
                             │                             │                    
                             │    442 │   │   if self.adva │                    
                             │    443 │   │   │   return r │                    
                             │    444 │   │                │                    
                             │ ❱  445 │   │   self.raise_f │                    
                             │    446 │   │   return respo │                    
                             │    447 │                    │                    
                             │    448 │   # both True      │                    
                             │                             │                    
                             │ /app/.venv/lib/python3.10/s │                    
                             │ ite-packages/atlassian/rest │                    
                             │ _client.py:994 in           │                    
                             │ raise_for_status            │                    
                             │                             │                    
                             │    991 │   │   │   │   log. │                    
                             │    992 │   │   │   │   resp │                    
                             │    993 │   │   │   else:    │                    
                             │ ❱  994 │   │   │   │   rais │                    
                             │    995 │   │   else:        │                    
                             │    996 │   │   │   response │                    
                             │    997                      │                    
                             ╰─────────────────────────────╯                    
                             HTTPError: Issue does not exist                    
                             or you do not have permission                      
                             to see it.                                         
ERROR - FastMCP.fastmcp.tools.tool_manager - Error calling tool 'get_issue': Issue does not exist or you do not have permission to see it.
Traceback (most recent call last):
  File "/app/.venv/lib/python3.10/site-packages/fastmcp/tools/tool_manager.py", line 120, in call_tool
    return await tool.run(arguments)
  File "/app/.venv/lib/python3.10/site-packages/fastmcp/tools/tool.py", line 144, in run
    result = await result
  File "/app/.venv/lib/python3.10/site-packages/mcp_atlassian/servers/jira.py", line 154, in get_issue
    issue = jira.get_issue(
  File "/app/.venv/lib/python3.10/site-packages/mcp_atlassian/jira/issues.py", line 144, in get_issue
    issue = self.jira.get_issue(
  File "/app/.venv/lib/python3.10/site-packages/atlassian/jira.py", line 1195, in get_issue
    return self.get(url, params=params)
  File "/app/.venv/lib/python3.10/site-packages/atlassian/rest_client.py", line 556, in get
    response = self.request(
  File "/app/.venv/lib/python3.10/site-packages/atlassian/rest_client.py", line 445, in request
    self.raise_for_status(response)
  File "/app/.venv/lib/python3.10/site-packages/atlassian/rest_client.py", line 994, in raise_for_status
    raise HTTPError(error_msg, response=response)
requests.exceptions.HTTPError: Issue does not exist or you do not have permission to see it.
📨 Sent initialized notification
INFO:     127.0.0.1:53220 - "POST /invoke HTTP/1.1" 500 Internal Server Error
ERROR:    Exception in ASGI application
Traceback (most recent call last):
  File "/Users/omkaram/Desktop/zeta_repos/github_repos/zeta-hacks-oms/venv/lib/python3.13/site-packages/uvicorn/protocols/http/h11_impl.py", line 403, in run_asgi
    result = await app(  # type: ignore[func-returns-value]
             ^^^^^^^^^^^^^^^^^^^^^^^^^^^^^^^^^^^^^^^^^^^^^^
        self.scope, self.receive, self.send
        ^^^^^^^^^^^^^^^^^^^^^^^^^^^^^^^^^^^
    )
    ^
  File "/Users/omkaram/Desktop/zeta_repos/github_repos/zeta-hacks-oms/venv/lib/python3.13/site-packages/uvicorn/middleware/proxy_headers.py", line 60, in __call__
    return await self.app(scope, receive, send)
           ^^^^^^^^^^^^^^^^^^^^^^^^^^^^^^^^^^^^
  File "/Users/omkaram/Desktop/zeta_repos/github_repos/zeta-hacks-oms/venv/lib/python3.13/site-packages/fastapi/applications.py", line 1054, in __call__
    await super().__call__(scope, receive, send)
  File "/Users/omkaram/Desktop/zeta_repos/github_repos/zeta-hacks-oms/venv/lib/python3.13/site-packages/starlette/applications.py", line 113, in __call__
    await self.middleware_stack(scope, receive, send)
  File "/Users/omkaram/Desktop/zeta_repos/github_repos/zeta-hacks-oms/venv/lib/python3.13/site-packages/starlette/middleware/errors.py", line 186, in __call__
    raise exc
  File "/Users/omkaram/Desktop/zeta_repos/github_repos/zeta-hacks-oms/venv/lib/python3.13/site-packages/starlette/middleware/errors.py", line 164, in __call__
    await self.app(scope, receive, _send)
  File "/Users/omkaram/Desktop/zeta_repos/github_repos/zeta-hacks-oms/venv/lib/python3.13/site-packages/starlette/middleware/exceptions.py", line 63, in __call__
    await wrap_app_handling_exceptions(self.app, conn)(scope, receive, send)
  File "/Users/omkaram/Desktop/zeta_repos/github_repos/zeta-hacks-oms/venv/lib/python3.13/site-packages/starlette/_exception_handler.py", line 53, in wrapped_app
    raise exc
  File "/Users/omkaram/Desktop/zeta_repos/github_repos/zeta-hacks-oms/venv/lib/python3.13/site-packages/starlette/_exception_handler.py", line 42, in wrapped_app
    await app(scope, receive, sender)
  File "/Users/omkaram/Desktop/zeta_repos/github_repos/zeta-hacks-oms/venv/lib/python3.13/site-packages/starlette/routing.py", line 716, in __call__
    await self.middleware_stack(scope, receive, send)
  File "/Users/omkaram/Desktop/zeta_repos/github_repos/zeta-hacks-oms/venv/lib/python3.13/site-packages/starlette/routing.py", line 736, in app
    await route.handle(scope, receive, send)
  File "/Users/omkaram/Desktop/zeta_repos/github_repos/zeta-hacks-oms/venv/lib/python3.13/site-packages/starlette/routing.py", line 290, in handle
    await self.app(scope, receive, send)
  File "/Users/omkaram/Desktop/zeta_repos/github_repos/zeta-hacks-oms/venv/lib/python3.13/site-packages/starlette/routing.py", line 78, in app
    await wrap_app_handling_exceptions(app, request)(scope, receive, send)
  File "/Users/omkaram/Desktop/zeta_repos/github_repos/zeta-hacks-oms/venv/lib/python3.13/site-packages/starlette/_exception_handler.py", line 53, in wrapped_app
    raise exc
  File "/Users/omkaram/Desktop/zeta_repos/github_repos/zeta-hacks-oms/venv/lib/python3.13/site-packages/starlette/_exception_handler.py", line 42, in wrapped_app
    await app(scope, receive, sender)
  File "/Users/omkaram/Desktop/zeta_repos/github_repos/zeta-hacks-oms/venv/lib/python3.13/site-packages/starlette/routing.py", line 75, in app
    response = await f(request)
               ^^^^^^^^^^^^^^^^
  File "/Users/omkaram/Desktop/zeta_repos/github_repos/zeta-hacks-oms/venv/lib/python3.13/site-packages/fastapi/routing.py", line 302, in app
    raw_response = await run_endpoint_function(
                   ^^^^^^^^^^^^^^^^^^^^^^^^^^^^
    ...<3 lines>...
    )
    ^
  File "/Users/omkaram/Desktop/zeta_repos/github_repos/zeta-hacks-oms/venv/lib/python3.13/site-packages/fastapi/routing.py", line 215, in run_endpoint_function
    return await run_in_threadpool(dependant.call, **values)
           ^^^^^^^^^^^^^^^^^^^^^^^^^^^^^^^^^^^^^^^^^^^^^^^^^
  File "/Users/omkaram/Desktop/zeta_repos/github_repos/zeta-hacks-oms/venv/lib/python3.13/site-packages/starlette/concurrency.py", line 38, in run_in_threadpool
    return await anyio.to_thread.run_sync(func)
           ^^^^^^^^^^^^^^^^^^^^^^^^^^^^^^^^^^^^
  File "/Users/omkaram/Desktop/zeta_repos/github_repos/zeta-hacks-oms/venv/lib/python3.13/site-packages/anyio/to_thread.py", line 56, in run_sync
    return await get_async_backend().run_sync_in_worker_thread(
           ^^^^^^^^^^^^^^^^^^^^^^^^^^^^^^^^^^^^^^^^^^^^^^^^^^^^
        func, args, abandon_on_cancel=abandon_on_cancel, limiter=limiter
        ^^^^^^^^^^^^^^^^^^^^^^^^^^^^^^^^^^^^^^^^^^^^^^^^^^^^^^^^^^^^^^^^
    )
    ^
  File "/Users/omkaram/Desktop/zeta_repos/github_repos/zeta-hacks-oms/venv/lib/python3.13/site-packages/anyio/_backends/_asyncio.py", line 2476, in run_sync_in_worker_thread
    return await future
           ^^^^^^^^^^^^
  File "/Users/omkaram/Desktop/zeta_repos/github_repos/zeta-hacks-oms/venv/lib/python3.13/site-packages/anyio/_backends/_asyncio.py", line 967, in run
    result = context.run(func, *args)
  File "/Users/omkaram/Desktop/zeta_repos/github_repos/zeta-hacks-oms/server/app.py", line 39, in orchestrate
    process(prompt_version, key, seed)
    ~~~~~~~^^^^^^^^^^^^^^^^^^^^^^^^^^^
  File "/Users/omkaram/Desktop/zeta_repos/github_repos/zeta-hacks-oms/converse_style_orchestrator.py", line 175, in process
    tool_result_msg = handle_tool_use(execution=execution, tool_use_block=tool_use_block)
  File "/Users/omkaram/Desktop/zeta_repos/github_repos/zeta-hacks-oms/converse_style_orchestrator.py", line 38, in handle_tool_use
    result = mcp_router.execute_tool(
            execution,
    ...<3 lines>...
            }
    )
  File "/Users/omkaram/Desktop/zeta_repos/github_repos/zeta-hacks-oms/mcp_router.py", line 65, in execute_tool
    res = self.get_issue(params)
  File "/Users/omkaram/Desktop/zeta_repos/github_repos/zeta-hacks-oms/mcp_router.py", line 143, in get_issue
    return self.jira_client.get_issue(issue_key=params["issue_key"])
           ~~~~~~~~~~~~~~~~~~~~~~~~~~^^^^^^^^^^^^^^^^^^^^^^^^^^^^^^^
  File "/Users/omkaram/Desktop/zeta_repos/github_repos/zeta-hacks-oms/jira_mcp_client/client.py", line 121, in get_issue
    return json.loads(raw_text)
           ~~~~~~~~~~^^^^^^^^^^
  File "/Users/omkaram/homebrew/Cellar/python@3.13/3.13.7/Frameworks/Python.framework/Versions/3.13/lib/python3.13/json/__init__.py", line 346, in loads
    return _default_decoder.decode(s)
           ~~~~~~~~~~~~~~~~~~~~~~~^^^
  File "/Users/omkaram/homebrew/Cellar/python@3.13/3.13.7/Frameworks/Python.framework/Versions/3.13/lib/python3.13/json/decoder.py", line 345, in decode
    obj, end = self.raw_decode(s, idx=_w(s, 0).end())
               ~~~~~~~~~~~~~~~^^^^^^^^^^^^^^^^^^^^^^^
  File "/Users/omkaram/homebrew/Cellar/python@3.13/3.13.7/Frameworks/Python.framework/Versions/3.13/lib/python3.13/json/decoder.py", line 363, in raw_decode
    raise JSONDecodeError("Expecting value", s, err.value) from None
json.decoder.JSONDecodeError: Expecting value: line 1 column 1 (char 0)
{"timestamp":"2025-09-12T14:47:34.052Z","level":"info","message":"Shutting down server..."}
INFO: Shutting down server...
2025-09-12T14:47:34.066518Z  INFO rmcp::service: task cancelled
2025-09-12T14:47:34.066575Z  INFO rmcp::service: serve finished quit_reason=Cancelled
{"timestamp":"2025-09-12T14:47:34.078Z","level":"info","message":"Shutting down server..."}
INFO: Shutting down server...
INFO:     Shutting down
INFO:     Finished server process [27255]
INFO:     Stopping reloader process [22475]
INFO - mcp-atlassian.server.main - Main Atlassian MCP server lifespan shutting down...
INFO - mcp-atlassian.server.main - Main Atlassian MCP server lifespan shutdown complete.
INFO - mcp-atlassian.utils.lifecycle - Server stopped, flushing output streams...

got 3 SIGTERM/SIGINTs, forcefully exiting

got 3 SIGTERM/SIGINTs, forcefully exiting

got 3 SIGTERM/SIGINTs, forcefully exiting

got 3 SIGTERM/SIGINTs, forcefully exiting

got 3 SIGTERM/SIGINTs, forcefully exiting
